Tempo (s),PWM1,PWM2,Temperatura1 (ÂºC),Temperatura2 (ÂºC)
1.015066146850586,255,255,27.712609970674485,26.73509286412512
11.003448486328123,255,255,28.201368523949167,27.223851417399803
21.013261795043945,255,255,28.69012707722385,27.223851417399803
31.003761053085327,255,255,29.17888563049853,28.69012707722385
41.01074242591858,255,255,30.645161290322577,29.17888563049853
51.00113487243652,255,255,31.62267839687194,30.645161290322577
61.00804352760315,255,255,34.066471163245346,32.11143695014662
71.01518774032593,255,255,35.532746823069395,33.08895405669598
81.00535845756531,255,255,36.51026392961878,34.55522971652003
91.01198983192444,255,255,37.97653958944282,35.532746823069395
101.00270509719849,255,255,39.93157380254155,36.999022482893466
111.00379252433775,255,255,40.90909090909092,38.46529814271751
121.01625990867616,255,255,42.86412512218965,40.42033235581624
131.00712299346924,255,255,43.841642228739005,41.3978494623656
141.01423931121826,255,255,44.819159335288376,42.86412512218965
151.00443863868713,255,255,46.28543499511242,43.841642228739005
161.01157569885254,255,255,47.26295210166178,45.79667644183773
171.00186729431152,255,255,48.72922776148583,46.28543499511242
181.00869154930115,255,255,50.19550342130987,48.240469208211145
191.0153245925904,255,255,50.68426197458456,49.21798631476051
201.00600719451904,255,255,52.1505376344086,49.70674486803519
212.0119297504425,255,255,53.12805474095797,51.66177908113392
222.0027637481689,255,255,54.10557184750733,52.639296187683286
232.009248495102,255,255,55.08308895405669,53.61681329423264
242.01648426055908,255,255,56.54936461388074,54.59433040078201
252.00672435760492,255,255,57.5268817204301,55.08308895405669
262.0138404369354,255,255,58.50439882697947,56.060606060606055
272.0041832923889,255,255,59.481915933528825,57.5268817204301
282.01119804382324,255,255,59.97067448680351,58.01564027370478
292.0093779563904,255,255,59.97067448680351,58.50439882697947
302.0086405277252,255,255,61.43695014662755,59.481915933528825
312.0157163143158,255,255,62.41446725317692,59.97067448680351
322.00600481033325,255,255,62.9032258064516,60.4594330400782
332.0128829479217,255,255,63.39198435972628,61.92570869990224
342.003351688385,255,255,64.85826001955033,62.9032258064516
352.0102479457855,255,255,65.34701857282501,63.39198435972628
362.0007603168488,255,255,64.85826001955033,63.39198435972628
372.0076775550842,255,255,65.83577712609969,63.880742913000965
382.0146913528442,255,255,66.32453567937438,64.36950146627565
392.0050642490387,255,255,67.30205278592376,64.85826001955033
402.0121080875397,255,255,68.27956989247312,66.32453567937438
412.0023398399353,255,255,68.76832844574781,66.81329423264906
422.0093765258789,255,255,69.25708699902249,67.30205278592376
432.0163702964783,255,255,69.25708699902249,67.79081133919844
442.00663805007935,255,255,69.74584555229717,67.79081133919844
452.0136592388153,255,255,69.74584555229717,68.27956989247312
462.00403904914856,255,255,70.72336265884654,69.25708699902249
472.0106937885285,255,255,70.72336265884654,69.74584555229717
482.0012862682343,255,255,71.7008797653959,69.74584555229717
492.0085127353668,255,255,72.18963831867057,70.72336265884654
502.0153284072876,255,255,72.67839687194527,71.21212121212122
512.0058419704437,255,255,72.67839687194527,71.21212121212122
522.0127005577087,255,255,73.16715542521995,70.72336265884654
532.0026586055756,255,255,73.16715542521995,71.7008797653959
542.0099699497223,255,255,74.1446725317693,73.16715542521995
552.0171136856079,255,255,74.1446725317693,73.16715542521995
562.0072860717773,255,255,75.12218963831867,73.16715542521995
572.0087718963623,255,255,75.12218963831867,73.65591397849462
582.0045573711395,255,255,75.61094819159335,74.1446725317693
592.0113470554352,255,255,76.09970674486803,74.1446725317693
602.0026326179504,255,255,76.09970674486803,74.633431085044
612.0091605186462,255,255,75.61094819159335,74.633431085044
622.0006885528564,255,255,75.61094819159335,74.633431085044
632.0064918994904,255,255,77.0772238514174,75.61094819159335
642.013242483139,255,255,76.09970674486803,75.12218963831867
652.0038294792175,255,255,77.56598240469208,76.09970674486803
662.0108885765076,255,255,77.56598240469208,76.09970674486803
672.0010268688202,255,255,78.05474095796676,76.58846529814272
682.0087420940399,255,255,78.05474095796676,77.0772238514174
692.0151467323303,255,255,79.03225806451613,77.0772238514174
702.0054666996002,255,255,79.03225806451613,77.0772238514174
712.0123934745789,255,255,78.54349951124145,77.56598240469208
722.0062346458435,255,255,79.5210166177908,78.05474095796676
732.009740114212,255,255,78.54349951124145,77.56598240469208
742.010514497757,255,255,79.5210166177908,77.56598240469208
752.0071258544922,255,255,79.5210166177908,78.05474095796676
762.0142486095428,255,255,79.5210166177908,78.54349951124145
772.0046529769897,255,255,80.00977517106548,78.54349951124145
782.0113167762756,255,255,80.00977517106548,79.03225806451613
792.0018332004547,255,255,80.49853372434018,79.5210166177908
802.0087175369263,255,255,80.98729227761486,80.00977517106548
812.0157747268677,255,255,80.98729227761486,80.00977517106548
822.006288766861,255,255,81.47605083088953,80.49853372434018
832.0129854679108,255,255,81.47605083088953,80.00977517106548
842.0035653114319,255,255,80.98729227761486,80.00977517106548
853.0095992088318,255,255,81.47605083088953,80.49853372434018
863.0164601802826,255,255,82.94232649071358,80.98729227761486
873.0057308673859,255,255,82.4535679374389,81.47605083088953
883.0139093399048,255,255,81.96480938416421,80.49853372434018
893.0041031837463,255,255,82.4535679374389,81.47605083088953
903.0112056732178,255,255,82.94232649071358,81.47605083088953
913.0016069412231,255,255,83.43108504398826,81.96480938416421
923.008498430252,255,255,82.94232649071358,81.47605083088953
933.0079877376556,255,255,82.4535679374389,81.96480938416421
943.0057709217072,255,255,82.94232649071358,82.4535679374389
953.0128519535064,255,255,83.43108504398826,82.4535679374389
963.003190279007,255,255,82.94232649071358,81.96480938416421
973.01087641716,255,255,82.94232649071358,81.96480938416421
983.0005779266356,255,255,82.94232649071358,82.4535679374389
993.0076622962952,255,255,83.43108504398826,82.94232649071358
1003.0146763324738,255,255,83.43108504398826,82.4535679374389
1013.0093548297882,255,255,83.91984359726294,82.4535679374389
1023.000650882721,255,255,83.91984359726294,82.94232649071358
1033.015810251236,255,255,84.40860215053763,83.43108504398826
1043.0049667358398,255,255,83.91984359726294,82.94232649071358
1053.0224130153656,255,255,83.91984359726294,82.94232649071358
1063.0113427639008,255,255,83.91984359726294,83.43108504398826
1073.001709938049,255,255,83.91984359726294,83.43108504398826
1083.0101861953735,255,255,84.40860215053763,83.91984359726294
1093.011031150818,255,255,84.89736070381231,84.40860215053763
1103.001958608627,255,0,83.91984359726294,83.43108504398826
1113.023048877716,255,0,83.91984359726294,83.43108504398826
1123.0019025802612,255,0,84.40860215053763,83.91984359726294
1133.00830411911,255,0,85.38611925708699,83.43108504398826
1143.01677775383,255,0,85.38611925708699,81.47605083088953
1153.011039495468,255,0,85.87487781036167,80.49853372434018
1163.0072894096377,255,0,85.87487781036167,80.49853372434018
1173.0085690021515,255,0,86.36363636363636,79.5210166177908
1183.0150747299194,255,0,86.36363636363636,79.03225806451613
1193.018522977829,255,0,87.8299120234604,78.05474095796676
1203.014449119568,255,0,87.34115347018572,76.58846529814272
1213.0140540599823,255,0,87.8299120234604,76.09970674486803
1223.0093309879303,255,0,87.8299120234604,75.61094819159335
1233.007498502731,255,0,87.8299120234604,74.633431085044
1243.0127110481262,255,0,88.80742913000977,74.633431085044
1253.0058763027191,255,0,88.80742913000977,73.65591397849462
1263.0131187438965,255,0,89.29618768328444,73.16715542521995
1273.0009789466858,255,0,88.31867057673509,72.67839687194527
1283.004456281662,255,0,88.31867057673509,71.7008797653959
1293.020031452179,255,0,88.31867057673509,70.72336265884654
1303.0129091739657,255,255,88.31867057673509,70.72336265884654
1313.0135521888733,255,255,88.31867057673509,70.72336265884654
1323.0017895698547,255,255,87.8299120234604,70.23460410557185
1333.0077712535858,255,255,87.8299120234604,70.72336265884654
1343.0095715522766,255,255,87.8299120234604,70.72336265884654
1353.013578414917,255,255,86.85239491691104,72.18963831867057
1363.0115797519684,255,255,86.85239491691104,72.18963831867057
1373.0159358978271,255,255,86.85239491691104,73.16715542521995
1383.0072510242462,255,255,86.36363636363636,74.1446725317693
1393.017955303192,255,255,86.36363636363636,74.633431085044
1403.0049366950989,255,0,86.85239491691104,75.61094819159335
1413.0133361816406,255,0,86.36363636363636,76.09970674486803
1423.0084614753723,255,0,85.87487781036167,76.58846529814272
1433.012244939804,255,0,86.85239491691104,76.58846529814272
1443.0046544075012,255,0,85.87487781036167,75.61094819159335
1453.0070650577543,255,0,86.36363636363636,75.12218963831867
1463.0043487548828,255,0,86.36363636363636,74.633431085044
1474.0115747451782,255,0,87.34115347018572,75.12218963831867
1484.0015261173248,255,0,87.34115347018572,74.1446725317693
1494.0038406848907,255,0,87.8299120234604,73.65591397849462
1504.0078358650208,255,0,88.31867057673509,73.16715542521995
1514.0059037208557,255,0,87.8299120234604,72.18963831867057
1524.0216419696808,255,0,87.34115347018572,71.21212121212122
1534.0120759010315,255,0,87.8299120234604,70.72336265884654
1544.012654542923,255,0,87.8299120234604,71.21212121212122
1554.0181286334991,255,0,88.31867057673509,71.21212121212122
1564.0114603042605,255,0,88.31867057673509,69.74584555229717
1574.0108020305634,255,0,87.8299120234604,69.25708699902249
1584.0119655132294,255,0,87.8299120234604,68.76832844574781
1594.0177009105682,255,0,87.8299120234604,68.76832844574781
1604.0099232196808,255,255,87.8299120234604,68.27956989247312
1614.017895936966,255,255,88.31867057673509,68.76832844574781
1624.0132570266724,255,255,87.8299120234604,68.76832844574781
1634.0136637687683,255,255,88.80742913000977,68.76832844574781
1644.0157504081726,255,255,87.8299120234604,69.74584555229717
1654.004742383957,255,255,87.34115347018572,71.21212121212122
1664.0140376091003,255,255,87.34115347018572,71.21212121212122
1674.0067331790924,255,255,86.85239491691104,72.18963831867057
1684.0139474868774,255,255,86.36363636363636,73.16715542521995
1694.0072708129885,255,255,86.36363636363636,73.65591397849462
1704.0198230743408,255,0,86.36363636363636,74.1446725317693
1714.0090997219086,255,0,84.89736070381231,74.633431085044
1724.0186171531675,255,0,84.89736070381231,74.633431085044
1734.0010516643524,255,0,85.38611925708699,75.12218963831867
1744.0101807117462,255,0,85.38611925708699,74.1446725317693
1754.0096445083618,255,0,85.87487781036167,74.1446725317693
1764.0029680728912,255,0,85.87487781036167,73.16715542521995
1774.0106341838837,255,0,86.85239491691104,73.65591397849462
1784.015425682068,255,0,87.34115347018572,73.16715542521995
1794.0156297683716,255,0,86.85239491691104,72.18963831867057
1804.0088596344,255,0,86.85239491691104,71.7008797653959
1814.009588479996,255,0,86.85239491691104,71.7008797653959
1824.005524635315,255,0,87.34115347018572,71.21212121212122
1834.001312494278,255,0,87.34115347018572,69.74584555229717
1844.0138189792635,255,0,88.31867057673509,70.23460410557185
1854.008060216904,255,0,88.31867057673509,69.74584555229717
1864.0006351470947,255,0,87.34115347018572,68.76832844574781
1874.0136046409607,255,0,87.34115347018572,68.27956989247312
1884.0106608867643,255,0,87.34115347018572,67.79081133919844
1894.0109713077543,255,0,87.34115347018572,68.27956989247312
1904.006457805633,255,255,87.8299120234604,67.79081133919844
1914.0078349113464,255,255,87.8299120234604,67.79081133919844
1924.0145280361176,255,255,87.34115347018572,67.79081133919844
1934.006798505783,255,255,86.85239491691104,68.27956989247312
1944.0141735076904,255,255,87.34115347018572,69.25708699902249
1954.003566026688,255,255,87.34115347018572,69.74584555229717
1964.015586137772,255,255,86.36363636363636,69.74584555229717
1974.0249207019808,255,255,85.87487781036167,70.72336265884654
1984.0059230327608,255,255,85.38611925708699,72.18963831867057
1994.011126756668,255,255,85.38611925708699,73.16715542521995
2004.008913993836,0,255,84.40860215053763,73.65591397849462
2014.005412817001,0,255,84.40860215053763,74.1446725317693
2024.0012986660004,0,255,83.43108504398826,75.12218963831867
2034.0053977966309,0,255,82.94232649071358,76.09970674486803
2044.0126042366028,0,255,82.94232649071358,77.56598240469208
2054.0009949207306,0,255,81.47605083088953,78.54349951124145
2064.014047384262,0,255,80.49853372434018,79.5210166177908
2074.019926548004,0,255,78.54349951124145,79.5210166177908
2084.018969297409,0,255,77.56598240469208,80.49853372434018
2095.014414548874,0,255,76.09970674486803,80.49853372434018
2105.0126287937164,0,0,75.61094819159335,81.47605083088953
2115.009776115417,0,0,74.1446725317693,81.96480938416421
2125.004442214966,0,0,73.16715542521995,81.96480938416421
2135.014388561249,0,0,72.67839687194527,80.49853372434018
2145.0045619010925,0,0,71.7008797653959,80.49853372434018
2155.010814428329,0,0,71.7008797653959,80.00977517106548
2165.0065383911133,0,0,70.23460410557185,78.54349951124145
2175.004369735718,0,0,69.74584555229717,77.0772238514174
2185.0055260658264,0,0,68.76832844574781,76.09970674486803
2195.015665769577,0,0,67.79081133919844,74.633431085044
2205.0160880088806,0,255,67.30205278592376,73.65591397849462
2215.000729322433,0,255,66.32453567937438,72.67839687194527
2225.009778738022,0,255,65.34701857282501,71.7008797653959
2235.009179353714,0,255,64.36950146627565,70.72336265884654
2245.0081877708435,0,255,63.880742913000965,71.7008797653959
2255.007622718811,0,255,63.39198435972628,72.18963831867057
2265.003827095032,0,255,62.41446725317692,72.18963831867057
2275.0154826641083,0,255,61.43695014662755,72.67839687194527
2285.019626379013,0,255,61.43695014662755,73.16715542521995
2295.0029833316803,0,255,61.43695014662755,74.1446725317693
2305.013854265213,255,0,60.4594330400782,74.1446725317693
2315.0197649002075,255,0,60.94819159335288,75.12218963831867
2325.004806280136,255,0,60.94819159335288,74.633431085044
2335.0235929489136,255,0,61.92570869990224,74.1446725317693
2345.0147047042847,255,0,62.9032258064516,73.65591397849462
2355.012398004532,255,0,64.36950146627565,72.67839687194527
2365.004648685456,255,0,66.32453567937438,71.7008797653959
2375.006696462631,255,0,67.30205278592376,70.23460410557185
2385.002692461014,255,0,68.27956989247312,69.25708699902249
2395.010345220566,255,0,69.74584555229717,68.76832844574781
2405.001008272171,255,0,71.7008797653959,68.27956989247312
2415.0106995105743,255,0,72.67839687194527,67.79081133919844
2425.0123031139374,255,0,73.65591397849462,66.81329423264906
2435.0116908550262,255,0,74.1446725317693,65.34701857282501
2445.009180784225,255,0,75.12218963831867,65.34701857282501
2455.002655982971,255,0,76.09970674486803,65.34701857282501
2465.004875898361,255,0,77.0772238514174,64.36950146627565
2475.003664493561,255,0,76.58846529814272,63.880742913000965
2485.012975692749,255,0,77.56598240469208,63.39198435972628
2495.0059394836426,255,0,79.03225806451613,63.39198435972628
2505.007747888565,255,255,79.03225806451613,63.39198435972628
2515.011240005493,255,255,79.03225806451613,62.41446725317692
2525.0126070976257,255,255,79.03225806451613,62.9032258064516
2535.00239610672,255,255,79.03225806451613,63.39198435972628
2545.005187034607,255,255,80.00977517106548,64.85826001955033
2555.011702299118,255,255,79.5210166177908,65.34701857282501
2565.0005099773407,255,255,79.03225806451613,65.34701857282501
2575.004987716675,255,255,79.03225806451613,66.32453567937438
2585.0266008377075,255,255,79.03225806451613,67.30205278592376
2595.018580913544,255,255,79.03225806451613,67.79081133919844
2605.002872467041,0,255,78.54349951124145,69.25708699902249
2615.019527196884,0,255,79.03225806451613,69.74584555229717
2625.008832216263,0,255,79.5210166177908,71.21212121212122
2635.011003017425,0,255,78.05474095796676,72.18963831867057
2645.0144226551056,0,255,76.58846529814272,73.16715542521995
2655.0201663970947,0,255,76.09970674486803,74.1446725317693
2665.013771057129,0,255,75.61094819159335,75.61094819159335
2675.0083911418915,0,255,74.633431085044,76.09970674486803
2685.006259202957,0,255,73.65591397849462,77.0772238514174
2695.003389596939,0,255,72.67839687194527,77.56598240469208
2705.0043025016785,0,0,71.7008797653959,78.05474095796676
2715.0095913410187,0,0,70.23460410557185,79.03225806451613
2725.0090625286102,0,0,69.74584555229717,79.03225806451613
2736.010396718979,0,0,68.76832844574781,78.05474095796676
2746.0070140361786,0,0,67.30205278592376,77.0772238514174
2756.0067780017853,0,0,67.30205278592376,75.61094819159335
2766.0148797035217,0,0,66.81329423264906,75.61094819159335
2776.010667800904,0,0,65.34701857282501,73.16715542521995
2786.0082461833954,0,0,65.34701857282501,72.67839687194527
2796.0120146274567,0,0,63.880742913000965,71.21212121212122
2806.0013921260834,0,255,63.39198435972628,70.23460410557185
2816.0022048950195,0,255,62.9032258064516,69.25708699902249
2826.010053634644,0,255,62.41446725317692,68.76832844574781
2836.0190155506134,0,255,61.92570869990224,69.25708699902249
2846.015861272812,0,255,60.94819159335288,69.25708699902249
2856.0005791187286,0,255,59.97067448680351,68.76832844574781
2866.0101850032806,0,255,58.99315738025415,69.74584555229717
2876.0138704776764,0,255,58.99315738025415,70.72336265884654
2886.014406681061,0,255,58.50439882697947,71.21212121212122
2896.023008108139,0,255,58.50439882697947,71.21212121212122
2906.0103480815887,255,0,57.5268817204301,71.7008797653959
2916.002851486206,255,0,57.5268817204301,71.7008797653959
2926.0052840709686,255,0,58.01564027370478,71.21212121212122
2936.0097908973694,255,0,58.99315738025415,71.21212121212122
2946.005120515824,255,0,59.97067448680351,70.72336265884654
2956.0102376937866,255,0,61.92570869990224,69.74584555229717
2966.016622543335,255,0,63.880742913000965,69.74584555229717
2976.000859260559,255,0,64.85826001955033,68.27956989247312
2986.03147816658,255,0,66.32453567937438,67.30205278592376
2996.000650882721,255,0,68.27956989247312,67.30205278592376
3006.006445646286,0,255,69.25708699902249,66.32453567937438
3016.010663509369,0,255,69.74584555229717,65.34701857282501
3026.0120396614075,0,255,69.74584555229717,65.34701857282501
3036.005607843399,0,255,70.23460410557185,66.81329423264906
3046.007878780365,0,255,70.23460410557185,66.81329423264906
3056.0123257637024,0,255,69.74584555229717,67.79081133919844
3066.001529455185,0,255,67.79081133919844,68.27956989247312
3076.005884170532,0,255,67.30205278592376,68.76832844574781
3086.010490655899,0,255,66.81329423264906,70.23460410557185
3096.0145394802094,0,255,65.83577712609969,70.72336265884654
3106.011504173279,0,255,65.34701857282501,71.21212121212122
3116.011790037155,0,255,64.36950146627565,72.18963831867057
3126.0092809200287,0,255,63.880742913000965,72.67839687194527
3136.013179302216,0,255,63.39198435972628,74.1446725317693
3146.005816459656,0,255,62.41446725317692,74.633431085044
3156.017530441284,0,255,62.41446725317692,75.12218963831867
3166.006201982498,0,255,61.92570869990224,75.61094819159335
3176.009872198105,0,255,61.43695014662755,76.09970674486803
3186.010642528534,0,255,60.94819159335288,76.58846529814272
3196.0114262104034,0,255,60.4594330400782,77.0772238514174
3206.0117914676666,255,255,59.97067448680351,76.58846529814272
3216.009197950363,255,255,59.97067448680351,77.56598240469208
3226.0037429332733,255,255,60.94819159335288,78.05474095796676
3236.0047636032104,255,255,61.43695014662755,78.05474095796676
3246.0096673965454,255,255,61.92570869990224,77.56598240469208
3256.015342473984,255,255,63.39198435972628,77.0772238514174
3266.0031020641327,255,255,64.36950146627565,77.56598240469208
3276.00349354744,255,255,65.34701857282501,77.56598240469208
3286.001216173172,255,255,66.32453567937438,78.05474095796676
3296.0185384750366,255,255,66.81329423264906,77.0772238514174
3306.003782510757,255,255,67.79081133919844,77.0772238514174
3316.012315273285,255,255,68.76832844574781,77.0772238514174
3326.0113520622253,255,255,70.23460410557185,77.0772238514174
3336.014021873474,255,255,70.72336265884654,77.56598240469208
3346.0151109695435,255,255,70.72336265884654,77.0772238514174
3356.0061445236206,255,255,72.18963831867057,77.56598240469208
3366.006270170212,255,255,72.67839687194527,77.56598240469208
3376.009038925171,255,255,73.16715542521995,77.56598240469208
3387.0065746307373,255,255,74.1446725317693,77.56598240469208
3397.016781806946,255,255,75.12218963831867,77.56598240469208
3407.007202863693,255,255,75.12218963831867,78.05474095796676
3417.01446390152,255,255,75.61094819159335,78.54349951124145
3427.005542755127,255,255,76.58846529814272,78.05474095796676
3437.0033192634583,255,255,76.58846529814272,77.56598240469208
3447.009925365448,255,255,77.0772238514174,78.05474095796676
3457.011827468872,255,255,77.56598240469208,79.03225806451613
3467.002060651779,255,255,78.05474095796676,78.54349951124145
3477.005512714386,255,255,78.05474095796676,79.03225806451613
3487.014839410782,255,255,79.03225806451613,79.03225806451613
3497.0062704086304,255,255,78.54349951124145,79.5210166177908
3507.00532746315,0,0,79.03225806451613,79.03225806451613
3517.00927567482,0,0,78.54349951124145,79.03225806451613
3527.0131072998047,0,0,78.05474095796676,78.54349951124145
3537.0146038532257,0,0,78.54349951124145,78.54349951124145
3547.003722190857,0,0,77.56598240469208,77.56598240469208
3557.0058176517487,0,0,76.58846529814272,76.58846529814272
3567.0107004642487,0,0,75.61094819159335,75.61094819159335
3577.0035145282745,0,0,74.633431085044,75.12218963831867
3587.0049846172333,0,0,72.67839687194527,73.65591397849462
3597.015316724777,0,0,71.7008797653959,72.67839687194527
3607.022763490677,255,0,70.72336265884654,71.21212121212122
3617.011558771133,255,0,69.74584555229717,70.23460410557185
3627.012183189392,255,0,68.76832844574781,69.25708699902249
3637.0054428577423,255,0,69.74584555229717,68.76832844574781
3647.009311914444,255,0,70.23460410557185,67.79081133919844
3657.001940727234,255,0,70.23460410557185,66.32453567937438
3667.013901948929,255,0,71.21212121212122,65.34701857282501
3677.015394926071,255,0,72.18963831867057,64.36950146627565
3687.011615037918,255,0,72.67839687194527,64.36950146627565
3697.0020892620087,255,0,73.16715542521995,62.9032258064516
3707.004730701447,255,255,74.633431085044,63.880742913000965
3717.008368730545,255,255,74.633431085044,62.41446725317692
3727.0140419006334,255,255,75.61094819159335,62.9032258064516
3737.011362791061,255,255,76.09970674486803,62.9032258064516
3747.004212379456,255,255,76.58846529814272,63.880742913000965
3757.013010978698,255,255,76.58846529814272,64.85826001955033
3767.014908313751,255,255,76.09970674486803,64.85826001955033
3777.015457391739,255,255,75.61094819159335,64.85826001955033
3787.005475997925,255,255,76.09970674486803,66.32453567937438
3797.010523557663,255,255,76.58846529814272,66.81329423264906
3807.01460981369,0,255,77.0772238514174,68.27956989247312
3817.013798236847,0,255,76.58846529814272,69.25708699902249
3827.014154672623,0,255,76.09970674486803,69.74584555229717
3837.007782936096,0,255,75.61094819159335,71.21212121212122
3847.0113661289215,0,255,75.61094819159335,72.18963831867057
3857.01503109932,0,255,74.1446725317693,73.16715542521995
3867.003211736679,0,255,72.67839687194527,73.65591397849462
3877.00491976738,0,255,72.18963831867057,75.12218963831867
3887.010001897812,0,255,71.7008797653959,76.09970674486803
3897.012412309647,0,255,69.74584555229717,75.61094819159335
3907.005473136902,0,0,69.25708699902249,76.58846529814272
3917.0040946006775,0,0,68.27956989247312,77.56598240469208
3927.001514196396,0,0,68.27956989247312,77.0772238514174
3937.009304046631,0,0,66.81329423264906,76.09970674486803
3947.015542984009,0,0,66.81329423264906,76.09970674486803
3957.0057559013367,0,0,64.85826001955033,74.633431085044
3967.012625694275,0,0,64.36950146627565,73.65591397849462
3977.005833387375,0,0,63.880742913000965,72.18963831867057
3987.014563560486,0,0,63.39198435972628,71.21212121212122
3997.0053555965424,0,0,62.9032258064516,70.72336265884654
4007.00363111496,255,0,61.92570869990224,68.76832844574781
4017.013413667679,255,0,61.43695014662755,66.81329423264906
4028.0146141052246,255,0,60.94819159335288,66.32453567937438
4038.002544879913,255,0,61.43695014662755,65.34701857282501
4048.0029723644257,255,0,62.41446725317692,64.36950146627565
4058.012091875076,255,0,63.39198435972628,62.9032258064516
4068.0042493343353,255,0,64.85826001955033,62.41446725317692
4078.0139124393454,255,0,65.83577712609969,61.43695014662755
4088.002651453018,255,0,66.81329423264906,60.94819159335288
4098.030118227005,255,0,67.79081133919844,60.4594330400782
4108.00972366333,0,0,68.76832844574781,59.481915933528825
4118.011777162552,0,0,69.74584555229717,59.481915933528825
4128.000878334045,0,0,70.23460410557185,58.99315738025415
4138.003429889679,0,0,69.74584555229717,58.99315738025415
4148.019322156906,0,0,68.27956989247312,58.01564027370478
4158.021134138107,0,0,68.27956989247312,58.01564027370478
4168.014620304108,0,0,67.30205278592376,57.03812316715542
4178.0073935985565,0,0,65.34701857282501,57.03812316715542
4188.013429164887,0,0,64.36950146627565,56.54936461388074
4198.006466150284,0,0,63.39198435972628,56.060606060606055
4208.001651287079,255,255,62.41446725317692,55.08308895405669
4218.008009433746,255,255,61.43695014662755,55.08308895405669
4228.002259969711,255,255,60.94819159335288,55.08308895405669
4238.013955116272,255,255,61.43695014662755,55.08308895405669
4248.001039505005,255,255,61.43695014662755,56.54936461388074
4258.008305072784,255,255,61.92570869990224,57.03812316715542
4268.009027481079,255,255,62.41446725317692,57.03812316715542
4278.0125958919525,255,255,62.9032258064516,58.50439882697947
4288.002185583115,255,255,63.880742913000965,59.481915933528825
4298.021944522858,255,255,63.880742913000965,58.99315738025415
4308.012557983398,0,255,64.85826001955033,60.94819159335288
4318.001971483231,0,255,65.83577712609969,61.92570869990224
4328.015071392059,0,255,66.32453567937438,60.94819159335288
4338.014165878296,0,255,66.81329423264906,61.92570869990224
4348.0146770477295,0,255,68.27956989247312,61.92570869990224
4358.00640296936,0,255,69.25708699902249,61.92570869990224
4368.005724430084,0,255,71.21212121212122,61.43695014662755
4378.0050349235535,0,255,71.7008797653959,60.94819159335288
4388.014909982681,0,255,71.7008797653959,60.4594330400782
4398.003706932068,0,255,72.18963831867057,60.4594330400782
4408.019123792648,255,255,73.65591397849462,60.4594330400782
4418.002887248993,255,255,74.1446725317693,59.97067448680351
4428.002906084061,255,255,74.633431085044,60.4594330400782
4438.002091884613,255,255,75.12218963831867,60.94819159335288
4448.015495538712,255,255,75.61094819159335,61.43695014662755
4458.002522945404,255,255,75.61094819159335,62.9032258064516
4468.014518737793,255,255,76.09970674486803,62.9032258064516
4478.002413272858,255,255,75.61094819159335,64.36950146627565
4488.012795209885,255,255,75.61094819159335,65.34701857282501
4498.006302595139,255,255,75.12218963831867,65.34701857282501
4508.019192934036,255,255,75.61094819159335,65.83577712609969
4518.007176160812,255,255,75.61094819159335,66.81329423264906
4528.011711359024,255,255,76.09970674486803,67.79081133919844
4538.016739368439,255,255,76.58846529814272,69.25708699902249
4548.01701259613,255,255,76.09970674486803,68.76832844574781
4558.006922006607,255,255,76.58846529814272,70.23460410557185
4568.013486862183,255,255,77.0772238514174,70.72336265884654
4578.014274358749,255,255,77.0772238514174,71.7008797653959
4588.006660223007,255,255,77.56598240469208,72.18963831867057
4598.002583026886,255,255,77.56598240469208,72.67839687194527
4608.011535644531,255,255,77.56598240469208,72.67839687194527
4618.013740062714,255,255,77.56598240469208,73.65591397849462
4628.012103796005,255,255,78.05474095796676,74.1446725317693
4638.015458583832,255,255,78.05474095796676,74.633431085044
4648.012361049652,255,255,78.05474095796676,75.12218963831867
4658.004721164703,255,255,78.05474095796676,75.12218963831867
4669.003744363785,255,255,78.54349951124145,75.61094819159335
4679.005242586136,255,255,79.03225806451613,76.09970674486803
4689.006147861481,255,255,79.5210166177908,76.09970674486803
4699.007258892059,255,255,79.5210166177908,77.0772238514174
4709.0078802108765,0,0,78.54349951124145,76.58846529814272
4719.009165048599,0,0,78.54349951124145,76.58846529814272
4729.01921749115,0,0,78.54349951124145,76.09970674486803
4739.0147523880005,0,0,77.56598240469208,75.61094819159335
4749.012475252152,0,0,77.56598240469208,75.61094819159335
4759.017055749893,0,0,75.61094819159335,74.633431085044
4769.018718242645,0,0,74.633431085044,73.65591397849462
4779.007644891739,0,0,73.65591397849462,72.18963831867057
4789.006550073624,0,0,72.67839687194527,71.7008797653959
4799.001781463623,0,0,71.21212121212122,70.72336265884654
4809.003159046173,255,0,70.23460410557185,69.74584555229717
4819.003046035767,255,0,69.74584555229717,68.76832844574781
4829.003939390183,255,0,68.27956989247312,68.76832844574781
4839.004813671112,255,0,66.81329423264906,68.76832844574781
4849.006069898605,255,0,65.83577712609969,69.25708699902249
4859.006865024567,255,0,65.34701857282501,70.23460410557185
4869.007611274719,255,0,64.36950146627565,69.74584555229717
4879.0122447013855,255,0,63.39198435972628,71.21212121212122
4889.01212978363,255,0,62.9032258064516,71.21212121212122
4899.010121583939,255,0,61.92570869990224,72.18963831867057
4909.010735273361,255,255,61.92570869990224,72.67839687194527
4919.010976791382,255,255,61.43695014662755,72.67839687194527
4929.012144804001,255,255,61.43695014662755,73.16715542521995
4939.013004779816,255,255,61.92570869990224,74.1446725317693
4949.014472961426,255,255,62.41446725317692,73.65591397849462
4959.015228033066,255,255,62.9032258064516,73.65591397849462
4969.00036740303,255,255,63.880742913000965,73.65591397849462
4979.00056052208,255,255,64.85826001955033,74.1446725317693
4989.001543283463,255,255,66.32453567937438,74.1446725317693
4999.002432107925,255,255,67.30205278592376,74.1446725317693
5009.003132104874,255,0,67.79081133919844,74.633431085044
5019.004178762436,255,0,69.25708699902249,75.12218963831867
5029.009141921997,255,0,68.76832844574781,75.61094819159335
5039.000179290772,255,0,69.25708699902249,75.61094819159335
5049.006435871124,255,0,68.27956989247312,76.09970674486803
5059.009619474411,255,0,68.27956989247312,77.0772238514174
5069.008531808853,255,0,67.79081133919844,77.56598240469208
5079.0090618133545,255,0,67.79081133919844,78.54349951124145
5089.010205984116,255,0,67.30205278592376,79.03225806451613
5099.010306358337,255,0,65.83577712609969,78.54349951124145
5109.01153755188,255,0,65.34701857282501,79.03225806451613
5119.01282787323,255,0,65.34701857282501,79.5210166177908
5129.01361656189,255,0,65.34701857282501,80.49853372434018
5139.0143756866455,255,0,64.85826001955033,80.98729227761486
5149.015228509903,255,0,62.9032258064516,80.00977517106548
5159.016536474228,255,0,63.39198435972628,80.49853372434018
5169.0166482925415,255,0,62.9032258064516,81.47605083088953
5179.017547607422,255,0,62.9032258064516,81.47605083088953
5189.002092123032,255,0,62.41446725317692,80.98729227761486
5199.019558906555,255,0,61.92570869990224,81.47605083088953
5209.0203149318695,0,0,61.43695014662755,80.98729227761486
5219.021666049957,0,0,60.94819159335288,80.98729227761486
5229.0220782756805,0,0,60.94819159335288,80.98729227761486
5239.006920814514,0,0,60.4594330400782,79.03225806451613
5249.007886171341,0,0,60.4594330400782,78.05474095796676
5259.024346590042,0,0,60.4594330400782,77.0772238514174
5269.009508609772,0,0,59.481915933528825,74.633431085044
5279.002936124802,0,0,59.481915933528825,74.1446725317693
5289.011805295944,0,0,58.99315738025415,72.18963831867057
5299.012841701508,0,0,58.50439882697947,71.21212121212122
5310.006371974945,255,255,58.50439882697947,70.72336265884654
5320.0078999996185,255,255,58.01564027370478,68.76832844574781
5330.015548706055,255,255,58.01564027370478,67.79081133919844
5340.0134201049805,255,255,58.50439882697947,66.81329423264906
5350.002770900726,255,255,58.99315738025415,66.81329423264906
5360.015936136246,255,255,59.97067448680351,66.81329423264906
5370.005112886429,255,255,60.4594330400782,67.30205278592376
5380.008670330048,255,255,61.43695014662755,66.81329423264906
5390.016899347305,255,255,62.9032258064516,68.27956989247312
5400.003680944443,0,255,64.36950146627565,68.27956989247312
5410.006400346756,0,255,64.36950146627565,68.27956989247312
5420.016956329346,0,255,65.34701857282501,68.76832844574781
5430.004262685776,0,255,65.34701857282501,69.74584555229717
5440.000493049622,0,255,65.34701857282501,70.23460410557185
5450.017548084259,0,255,65.34701857282501,71.21212121212122
5460.0135588645935,0,255,64.85826001955033,72.18963831867057
5470.00887131691,0,255,64.36950146627565,72.67839687194527
5480.01816368103,0,255,63.39198435972628,73.16715542521995
5490.012145042419,0,255,63.39198435972628,74.1446725317693
5500.018046379089,255,255,63.39198435972628,75.12218963831867
5510.00263094902,255,255,62.9032258064516,75.61094819159335
5520.004823923111,255,255,62.41446725317692,75.12218963831867
5530.006468772888,255,255,62.41446725317692,76.09970674486803
5540.019079685211,255,255,63.39198435972628,76.58846529814272
5550.004209756851,255,255,63.880742913000965,76.58846529814272
5560.004801273346,255,255,64.36950146627565,76.09970674486803
5570.002965927124,255,255,65.83577712609969,76.09970674486803
5580.009799957275,255,255,66.81329423264906,76.09970674486803
5590.01051068306,255,255,67.30205278592376,76.58846529814272
5600.019797563553,0,0,68.27956989247312,76.09970674486803
5610.00793504715,0,0,69.25708699902249,77.0772238514174
5620.014923334122,0,0,69.74584555229717,76.09970674486803
5630.003507614136,0,0,69.74584555229717,75.61094819159335
5640.002676725388,0,0,69.25708699902249,75.12218963831867
5650.008214235306,0,0,69.25708699902249,73.65591397849462
5660.021236181259,0,0,68.27956989247312,73.16715542521995
5670.001715660095,0,0,68.27956989247312,72.67839687194527
5680.009417295456,0,0,67.30205278592376,71.21212121212122
5690.021495342255,0,0,65.83577712609969,69.74584555229717
5700.011515617371,0,255,64.85826001955033,68.76832844574781
5710.00475025177,0,255,63.880742913000965,67.79081133919844
5720.021602153778,0,255,63.39198435972628,66.81329423264906
5730.013399362564,0,255,62.9032258064516,67.30205278592376
5740.019178390503,0,255,62.41446725317692,67.30205278592376
5750.006158828735,0,255,60.94819159335288,67.30205278592376
5760.010254859924,0,255,60.4594330400782,68.27956989247312
5770.003259420395,0,255,59.97067448680351,69.25708699902249
5780.022522926331,0,255,59.97067448680351,69.74584555229717
5790.005693912506,0,255,59.481915933528825,70.23460410557185
5800.00125002861,0,255,58.50439882697947,70.72336265884654
5810.003754377365,0,255,58.01564027370478,70.72336265884654
5820.000942230225,0,255,58.01564027370478,72.18963831867057
5830.012193918228,0,255,57.5268817204301,72.18963831867057
5840.023565530777,0,255,57.03812316715542,72.67839687194527
5850.00555229187,0,255,56.54936461388074,72.67839687194527
5860.003568410873,0,255,57.03812316715542,74.1446725317693
5870.024376630783,0,255,57.5268817204301,75.12218963831867
5880.004374027252,0,255,56.54936461388074,74.633431085044
5890.009258031845,0,255,56.54936461388074,75.12218963831867
5900.024269342423,255,255,56.54936461388074,75.12218963831867
5910.008597135544,255,255,56.060606060606055,75.12218963831867
5920.004762411118,255,255,56.060606060606055,75.61094819159335
5930.024820327759,255,255,56.54936461388074,75.61094819159335
5940.013458490372,255,255,58.50439882697947,76.58846529814272
5950.014874458313,255,255,59.481915933528825,76.09970674486803
5961.005227088928,255,255,59.97067448680351,75.61094819159335
5971.005504608154,255,255,60.94819159335288,75.12218963831867
5981.012636184692,255,255,61.92570869990224,75.12218963831867
5991.014437198639,255,255,62.9032258064516,75.12218963831867
6001.004953622818,255,255,65.34701857282501,75.61094819159335
6011.010676860809,255,255,65.34701857282501,75.12218963831867
6021.004759550095,255,255,66.81329423264906,75.12218963831867
6031.018796682358,255,255,67.79081133919844,75.12218963831867
6041.006442785263,255,255,68.76832844574781,75.12218963831867
6051.006014347076,255,255,69.74584555229717,76.09970674486803
6061.007400274277,255,255,70.23460410557185,76.09970674486803
6071.01331615448,255,255,71.21212121212122,76.09970674486803
6081.014592170715,255,255,72.18963831867057,76.09970674486803
6091.009814500809,255,255,72.67839687194527,77.0772238514174
6101.001105546951,255,255,73.65591397849462,76.58846529814272
6111.00382399559,255,255,74.1446725317693,76.58846529814272
6121.004325628281,255,255,74.1446725317693,76.58846529814272
6131.002933979034,255,255,74.633431085044,77.0772238514174
6141.001394271851,255,255,75.61094819159335,77.0772238514174
6151.010103940964,255,255,75.61094819159335,77.56598240469208
6161.005362272263,255,255,75.61094819159335,77.0772238514174
6171.011370897293,255,255,76.58846529814272,77.56598240469208
6181.007082223892,255,255,77.56598240469208,78.05474095796676
6191.003600120544,255,255,78.05474095796676,78.54349951124145
6201.015941858292,255,255,78.05474095796676,78.54349951124145
6211.005417585373,255,255,78.05474095796676,78.54349951124145
6221.01006937027,255,255,78.05474095796676,78.54349951124145
6231.015759706497,255,255,78.05474095796676,78.54349951124145
6241.003902435303,255,255,78.54349951124145,79.03225806451613
6251.004279136658,255,255,78.54349951124145,79.03225806451613
6261.010000228882,255,255,79.03225806451613,79.03225806451613
6271.002658843994,255,255,79.5210166177908,79.5210166177908
6281.000914096832,255,255,79.5210166177908,79.5210166177908
6291.002753973007,255,255,80.00977517106548,80.00977517106548
6301.014681339264,0,0,80.98729227761486,80.49853372434018
6311.014557600021,0,0,80.00977517106548,80.00977517106548
6321.0111083984375,0,0,80.00977517106548,80.00977517106548
6331.00265455246,0,0,80.00977517106548,79.5210166177908
6341.006637334824,0,0,79.03225806451613,78.54349951124145
6351.000843763351,0,0,78.05474095796676,78.05474095796676
6361.00150513649,0,0,77.0772238514174,77.0772238514174
6371.023118972778,0,0,75.61094819159335,76.09970674486803
6381.012197732925,0,0,75.12218963831867,74.633431085044
6391.007625818253,0,0,73.65591397849462,73.65591397849462
6401.017644643784,255,0,73.16715542521995,72.67839687194527
6411.014612197876,255,0,71.7008797653959,73.16715542521995
6421.001131772995,255,0,70.72336265884654,72.18963831867057
6431.004523515701,255,0,69.74584555229717,71.7008797653959
6441.009645462036,255,0,68.27956989247312,71.21212121212122
6451.007053375244,255,0,67.30205278592376,71.21212121212122
6461.011420249939,255,0,65.83577712609969,71.7008797653959
6471.004909992218,255,0,65.34701857282501,72.18963831867057
6481.01259970665,255,0,64.85826001955033,73.16715542521995
6491.020730018616,255,0,64.36950146627565,74.1446725317693
6501.000184059143,0,0,64.36950146627565,74.633431085044
6511.01322555542,0,0,62.9032258064516,74.633431085044
6521.012070894241,0,0,61.92570869990224,74.1446725317693
6531.02277970314,0,0,61.43695014662755,74.633431085044
6541.013320922852,0,0,61.43695014662755,74.1446725317693
6551.015452623367,0,0,60.4594330400782,72.67839687194527
6561.010981082916,0,0,59.97067448680351,71.7008797653959
6571.0024428367615,0,0,59.481915933528825,70.72336265884654
6581.009655952454,0,0,59.481915933528825,69.25708699902249
6591.007275342941,0,0,58.99315738025415,69.25708699902249
6602.005135059357,0,0,58.50439882697947,67.30205278592376
6612.006611585617,0,0,58.01564027370478,65.83577712609969
6622.015944719315,0,0,57.03812316715542,64.36950146627565
6632.00145983696,0,0,56.54936461388074,63.39198435972628
6642.014474868774,0,0,56.060606060606055,62.41446725317692
6652.015761137009,0,0,56.060606060606055,62.41446725317692
6662.003627061844,0,0,55.57184750733137,61.43695014662755
6672.009222745895,0,0,54.10557184750733,59.481915933528825
6682.01615190506,0,0,54.10557184750733,58.99315738025415
6692.009512662888,0,0,53.61681329423264,58.01564027370478
6702.002785205841,255,255,52.639296187683286,57.03812316715542
6712.015765666962,255,255,52.639296187683286,56.060606060606055
6722.008007049561,255,255,52.1505376344086,55.57184750733137
6732.012111902237,255,255,52.639296187683286,56.060606060606055
6742.0197632312775,255,255,53.12805474095797,56.54936461388074
6752.021505355835,255,255,54.10557184750733,56.54936461388074
6762.013606309891,255,255,55.08308895405669,57.03812316715542
6772.016024112701,255,255,56.060606060606055,57.5268817204301
6782.01882314682,255,255,57.03812316715542,58.50439882697947
6792.006950378418,255,255,58.01564027370478,58.99315738025415
6802.016078710556,0,255,58.99315738025415,59.481915933528825
6812.014808893204,0,255,58.99315738025415,59.97067448680351
6822.012395381928,0,255,60.94819159335288,59.97067448680351
6832.016206741333,0,255,61.92570869990224,59.97067448680351
6842.0104258060455,0,255,63.39198435972628,60.4594330400782
6852.001284599304,0,255,64.36950146627565,59.97067448680351
6862.016205787659,0,255,65.83577712609969,59.97067448680351
6872.005979299545,0,255,66.81329423264906,59.97067448680351
6882.00906586647,0,255,67.79081133919844,59.481915933528825
6892.0003073215485,0,255,68.76832844574781,59.481915933528825
6902.01472902298,255,255,70.23460410557185,59.481915933528825
6912.00260925293,255,255,70.72336265884654,58.99315738025415
6922.016225576401,255,255,71.7008797653959,58.99315738025415
6932.0116238594055,255,255,73.16715542521995,59.97067448680351
6942.012775659561,255,255,72.67839687194527,60.4594330400782
6952.016093969345,255,255,72.67839687194527,60.4594330400782
6962.00825381279,255,255,72.67839687194527,61.43695014662755
6972.007776737213,255,255,73.65591397849462,61.92570869990224
6982.016238689423,255,255,73.65591397849462,62.9032258064516
6992.003317832947,255,255,73.65591397849462,64.36950146627565
7002.0244109630585,0,0,73.65591397849462,64.85826001955033
7012.016600370407,0,0,74.1446725317693,65.34701857282501
7022.013735055924,0,0,74.1446725317693,65.83577712609969
7032.003230333328,0,0,73.16715542521995,66.32453567937438
7042.0166273117065,0,0,72.67839687194527,66.32453567937438
7052.007505893707,0,0,72.18963831867057,66.32453567937438
7062.001235246658,0,0,70.72336265884654,65.83577712609969
7072.016313076019,0,0,69.74584555229717,64.85826001955033
7082.01416516304,0,0,68.27956989247312,63.880742913000965
7092.008490085602,0,0,67.30205278592376,62.9032258064516
7102.020009756088,255,0,66.32453567937438,62.9032258064516
7112.0092895030975,255,0,65.34701857282501,62.41446725317692
7122.00382900238,255,0,63.880742913000965,61.92570869990224
7132.019222736359,255,0,63.880742913000965,62.9032258064516
7142.011574983597,255,0,62.41446725317692,62.9032258064516
7152.000931739807,255,0,60.94819159335288,63.39198435972628
7162.026617765427,255,0,60.94819159335288,64.36950146627565
7172.008664369583,255,0,60.4594330400782,65.34701857282501
7182.009147644043,255,0,59.481915933528825,65.83577712609969
7192.016588687897,255,0,58.99315738025415,67.30205278592376
7202.011339664459,0,0,58.99315738025415,67.79081133919844
7212.007327795029,0,0,57.5268817204301,67.79081133919844
7222.016521692276,0,0,57.03812316715542,68.27956989247312
7232.003599643707,0,0,56.54936461388074,67.79081133919844
7242.009760141373,0,0,56.54936461388074,67.79081133919844
7253.014258384705,0,0,56.060606060606055,67.30205278592376
7263.011035442352,0,0,55.57184750733137,65.83577712609969
7273.024295091629,0,0,55.08308895405669,64.36950146627565
7283.003103256226,0,0,55.08308895405669,64.36950146627565
7293.004624128342,0,0,54.59433040078201,62.9032258064516
7303.004872560501,0,0,54.10557184750733,61.92570869990224
7313.005746126175,0,0,53.12805474095797,61.43695014662755
7323.010245800018,0,0,53.12805474095797,59.97067448680351
7333.012542724609,0,0,52.1505376344086,58.99315738025415
7343.015058994293,0,0,52.1505376344086,57.5268817204301
7353.009090662003,0,0,51.66177908113392,57.03812316715542
7363.012518405914,0,0,50.68426197458456,56.54936461388074
7373.006223678589,0,0,50.68426197458456,55.08308895405669
7383.005444765091,0,0,50.68426197458456,54.59433040078201
7393.008966445923,0,0,49.21798631476051,53.61681329423264
7403.012478351593,0,0,49.21798631476051,52.639296187683286
7413.0190279483795,0,0,48.72922776148583,52.1505376344086
7423.008598566055,0,0,48.72922776148583,51.17302052785924
7433.001229047775,0,0,47.75171065493646,50.68426197458456
7443.013522148132,0,0,47.26295210166178,49.70674486803519
7453.002643823624,0,0,46.7741935483871,49.70674486803519
7463.002968788147,0,0,46.7741935483871,49.21798631476051
7473.007828712463,0,0,46.7741935483871,48.72922776148583
7483.000421762466,0,0,46.28543499511242,47.75171065493646
7493.018804311752,0,0,45.307917888563054,47.26295210166178
7503.008417129517,0,0,44.819159335288376,46.7741935483871
7513.009679794311,0,0,44.819159335288376,45.307917888563054
7523.00678896904,0,0,43.841642228739005,45.307917888563054
7533.003012180328,0,0,43.841642228739005,45.307917888563054
7543.000960111618,0,0,43.841642228739005,44.819159335288376
7553.01070690155,0,0,43.841642228739005,44.33040078201369
7563.007799863815,0,0,42.86412512218965,43.841642228739005
7573.013032436371,0,0,42.37536656891496,43.841642228739005
7583.017006874084,0,0,42.37536656891496,42.86412512218965
7593.015608549118,0,0,42.37536656891496,42.37536656891496
7603.003984689712,0,0,41.88660801564028,42.37536656891496
7613.01428103447,0,0,41.3978494623656,41.88660801564028
7623.011715888977,0,0,41.3978494623656,41.88660801564028
7633.000563144684,0,0,40.90909090909092,41.3978494623656
7643.0090239048,0,0,40.42033235581624,40.42033235581624
7653.002798318863,0,0,39.93157380254155,39.93157380254155
7663.01127576828,0,0,39.93157380254155,39.93157380254155
7673.003547668457,0,0,39.44281524926687,39.93157380254155
7683.017006874084,0,0,39.93157380254155,39.44281524926687
7693.002383470535,0,0,38.95405669599219,39.44281524926687
7703.013516187668,255,255,38.95405669599219,38.95405669599219
7713.009924650192,255,255,38.95405669599219,38.46529814271751
7723.016353845596,255,255,38.95405669599219,38.46529814271751
7733.006019353867,255,255,38.95405669599219,38.95405669599219
7743.024761676788,255,255,39.93157380254155,39.93157380254155
7753.010899543762,255,255,41.3978494623656,40.90909090909092
7763.006604671478,255,255,42.86412512218965,41.88660801564028
7773.015627861023,255,255,44.33040078201369,42.86412512218965
7783.003172636032,255,255,45.307917888563054,44.33040078201369
7793.014436006546,255,255,46.7741935483871,45.307917888563054
7803.01093006134,0,255,48.240469208211145,46.28543499511242
7813.015622138977,0,255,49.21798631476051,47.75171065493646
7823.01589512825,0,255,50.68426197458456,48.72922776148583
7833.013672828674,0,255,52.1505376344086,48.72922776148583
7843.019908428192,0,255,53.61681329423264,49.70674486803519
7853.010263681412,0,255,55.08308895405669,49.70674486803519
7863.0091388225555,0,255,56.54936461388074,49.70674486803519
7873.012605428696,0,255,58.01564027370478,49.70674486803519
7883.0039603710175,0,255,58.99315738025415,49.70674486803519
7893.004189491272,0,255,60.4594330400782,49.21798631476051
7903.003677606583,255,255,60.94819159335288,49.21798631476051
7913.00506401062,255,255,62.41446725317692,49.21798631476051
7924.008526563644,255,255,63.880742913000965,49.70674486803519
7934.013668060303,255,255,64.85826001955033,50.68426197458456
7944.0068373680115,255,255,65.34701857282501,51.17302052785924
7954.003710031509,255,255,65.83577712609969,52.639296187683286
7964.014680624008,255,255,65.83577712609969,53.12805474095797
7974.00578546524,255,255,65.83577712609969,54.10557184750733
7984.004004240036,255,255,65.83577712609969,55.08308895405669
7994.025687932968,255,255,66.32453567937438,56.54936461388074
8004.01429104805,255,255,67.30205278592376,57.03812316715542
8014.009761571884,255,255,67.30205278592376,58.01564027370478
8024.0093104839325,255,255,68.27956989247312,59.97067448680351
8034.007084846497,255,255,68.76832844574781,59.97067448680351
8044.005111455917,255,255,68.76832844574781,61.43695014662755
8054.004046678543,255,255,68.27956989247312,61.92570869990224
8064.008135557175,255,255,69.74584555229717,63.39198435972628
8074.018255710602,255,255,69.74584555229717,64.36950146627565
8084.00094294548,255,255,69.74584555229717,64.36950146627565
8094.009540319443,255,255,70.23460410557185,64.36950146627565
8104.017228841782,255,255,70.72336265884654,65.83577712609969
8114.000665903091,255,255,70.72336265884654,66.81329423264906
8124.00585770607,255,255,71.7008797653959,67.30205278592376
8134.020923614502,255,255,71.7008797653959,67.79081133919844
8144.005105018616,255,255,71.7008797653959,68.27956989247312
8154.014889001846,255,255,72.67839687194527,69.74584555229717
8164.014737129211,255,255,73.16715542521995,69.74584555229717
8174.0196878910065,255,255,73.16715542521995,70.23460410557185
8184.00767159462,255,255,74.1446725317693,70.72336265884654
8194.014788150787,255,255,74.633431085044,70.72336265884654
8204.01403093338,255,255,74.1446725317693,71.7008797653959
8214.01552772522,255,255,74.1446725317693,71.7008797653959
8224.003850698471,255,255,74.633431085044,72.18963831867057
8234.013361692429,255,255,75.12218963831867,72.67839687194527
8244.013859033585,255,255,75.12218963831867,73.16715542521995
8254.005770921707,255,255,75.61094819159335,73.16715542521995
8264.012476205826,255,255,76.09970674486803,74.1446725317693
8274.010627508163,255,255,76.58846529814272,74.633431085044
8284.027866601944,255,255,77.0772238514174,74.633431085044
8294.011584281921,255,255,76.58846529814272,74.633431085044
8304.006168842316,255,255,77.0772238514174,75.61094819159335
8314.019574642181,255,255,77.56598240469208,76.09970674486803
8324.007811307907,255,255,77.56598240469208,75.61094819159335
8334.018946409225,255,255,77.56598240469208,76.09970674486803
8344.004263162613,255,255,78.05474095796676,76.58846529814272
8354.004924058914,255,255,79.03225806451613,76.58846529814272
8364.005118608475,255,255,78.54349951124145,77.0772238514174
8374.007695674896,255,255,78.54349951124145,76.58846529814272
8384.003648757935,255,255,78.54349951124145,76.58846529814272
8394.004536151886,255,255,78.54349951124145,77.0772238514174
8404.015994787216,255,255,79.5210166177908,78.05474095796676
8414.01267695427,255,255,79.5210166177908,78.05474095796676
8424.014128923416,255,255,79.5210166177908,78.05474095796676
8434.017052650452,255,255,80.00977517106548,78.54349951124145
8444.009121894836,255,255,80.00977517106548,79.03225806451613
8454.01366353035,255,255,80.00977517106548,79.03225806451613
8464.023864030838,255,255,80.00977517106548,78.54349951124145
8474.003197669983,255,255,80.49853372434018,79.5210166177908
8484.004444122314,255,255,80.98729227761486,79.5210166177908
8494.013602733612,255,255,80.98729227761486,79.5210166177908
8504.005917072296,255,255,80.98729227761486,79.03225806451613
8514.00124502182,255,255,80.49853372434018,79.5210166177908
8524.024602413177,255,255,80.98729227761486,79.5210166177908
8534.009040355682,255,255,80.98729227761486,80.00977517106548
8544.00827050209,255,255,81.47605083088953,80.00977517106548
8554.010361909866,255,255,81.96480938416421,80.49853372434018
8565.014031648636,255,255,82.4535679374389,80.98729227761486
8575.009261131287,255,255,81.47605083088953,80.49853372434018
8585.013189077377,255,255,81.96480938416421,80.49853372434018
8595.009092569351,255,255,82.4535679374389,80.49853372434018
8605.011417388916,255,255,81.96480938416421,80.49853372434018
8615.01120376587,255,255,82.4535679374389,80.49853372434018
8625.006091356277,255,255,82.4535679374389,80.98729227761486
8635.005284309387,255,255,82.94232649071358,80.98729227761486
8645.011334180832,255,255,82.94232649071358,81.47605083088953
8655.015901088715,255,255,82.94232649071358,81.96480938416421
8665.01852607727,255,255,83.43108504398826,81.96480938416421
8675.003039598465,255,255,83.43108504398826,82.4535679374389
8685.016741752625,255,255,83.43108504398826,82.4535679374389
8695.012098550797,255,255,83.43108504398826,82.4535679374389
8705.017697572708,0,0,83.43108504398826,82.94232649071358
8715.004454612732,0,0,83.43108504398826,82.4535679374389
8725.009433984756,0,0,82.4535679374389,81.96480938416421
8735.028045415878,0,0,82.4535679374389,80.98729227761486
8745.001855373383,0,0,80.98729227761486,80.00977517106548
8755.006001710892,0,0,80.00977517106548,79.03225806451613
8765.013944387436,0,0,79.03225806451613,78.54349951124145
8775.014391183853,0,0,78.05474095796676,77.56598240469208
8785.01550745964,0,0,76.58846529814272,77.0772238514174
8795.008186101913,0,0,75.61094819159335,75.61094819159335
8805.006037712097,255,0,74.633431085044,74.633431085044
8815.004393815994,255,0,73.16715542521995,74.1446725317693
8825.001790761948,255,0,72.18963831867057,73.65591397849462
8835.009148836136,255,0,70.72336265884654,73.16715542521995
8845.015249967575,255,0,69.74584555229717,73.16715542521995
8855.008368730545,255,0,68.27956989247312,73.16715542521995
8865.010402202606,255,0,67.79081133919844,73.16715542521995
8875.006193876266,255,0,66.81329423264906,73.65591397849462
8885.014500379562,255,0,65.83577712609969,74.1446725317693
8895.014074802399,255,0,65.34701857282501,74.633431085044
8905.006274938583,0,0,64.85826001955033,76.09970674486803
8915.010026454926,0,0,64.85826001955033,76.09970674486803
8925.008503437042,0,0,64.36950146627565,76.09970674486803
8935.013631105423,0,0,63.39198435972628,75.61094819159335
8945.02203655243,0,0,62.9032258064516,74.1446725317693
8955.028779268265,0,0,60.94819159335288,72.67839687194527
8965.00230383873,0,0,61.43695014662755,72.18963831867057
8975.006827116013,0,0,60.4594330400782,71.21212121212122
8985.010217428207,0,0,59.97067448680351,69.74584555229717
8995.011973381042,0,0,59.97067448680351,68.76832844574781
9005.005796194077,255,255,58.99315738025415,67.79081133919844
9015.005972146988,255,255,59.481915933528825,66.32453567937438
9025.00708270073,255,255,58.99315738025415,66.32453567937438
9035.014352798462,255,255,58.99315738025415,65.83577712609969
9045.00754070282,255,255,59.481915933528825,65.83577712609969
9055.001051902773,255,255,60.94819159335288,65.83577712609969
9065.005112409592,255,255,60.94819159335288,65.34701857282501
9075.001676559448,255,255,61.43695014662755,65.34701857282501
9085.011473417282,255,255,62.41446725317692,66.32453567937438
9095.014013528824,255,255,63.880742913000965,66.81329423264906
9105.012689352036,0,255,64.36950146627565,66.81329423264906
9115.006098508837,0,255,65.34701857282501,67.30205278592376
9125.005022287369,0,255,66.81329423264906,67.79081133919844
9135.007451295853,0,255,67.30205278592376,67.30205278592376
9145.011016845703,0,255,69.25708699902249,67.30205278592376
9155.002233743668,0,255,69.74584555229717,66.81329423264906
9165.015371084211,0,255,70.72336265884654,66.32453567937438
9175.00173163414,0,255,71.7008797653959,65.34701857282501
9185.006758451462,0,255,73.16715542521995,65.83577712609969
9195.01422214508,0,255,74.1446725317693,64.85826001955033
9205.011754512789,255,255,75.12218963831867,63.880742913000965
9216.001723766329,255,255,75.12218963831867,63.880742913000965
9226.006090164185,255,255,75.61094819159335,63.880742913000965
9236.013673067093,255,255,76.09970674486803,64.36950146627565
9246.009794950483,255,255,76.58846529814272,64.36950146627565
9256.000725746157,255,255,77.0772238514174,65.34701857282501
9266.007851839066,255,255,77.56598240469208,66.32453567937438
9276.000530958176,255,255,77.56598240469208,66.81329423264906
9286.012665987017,255,255,77.56598240469208,67.79081133919844
9296.008640289308,255,255,77.56598240469208,68.76832844574781
9306.013649463654,0,0,78.05474095796676,69.25708699902249
9316.00357222557,0,0,77.56598240469208,69.74584555229717
9326.016838788986,0,0,77.56598240469208,69.74584555229717
9336.003037452698,0,0,76.09970674486803,69.74584555229717
9346.002573490145,0,0,75.12218963831867,68.76832844574781
9356.009072303772,0,0,74.1446725317693,69.74584555229717
9366.005284309387,0,0,73.16715542521995,68.27956989247312
9376.00898361206,0,0,71.7008797653959,67.30205278592376
9386.006564378738,0,0,70.23460410557185,66.81329423264906
9396.004462480543,0,0,69.25708699902249,65.83577712609969
9406.0104367733,255,0,68.27956989247312,65.34701857282501
9416.009548902512,255,0,67.30205278592376,64.85826001955033
9426.005504131315,255,0,65.83577712609969,64.36950146627565
9436.019201755524,255,0,64.85826001955033,64.85826001955033
9446.004395484924,255,0,64.36950146627565,65.34701857282501
9456.0148768425,255,0,63.39198435972628,65.83577712609969
9466.014310836792,255,0,62.41446725317692,66.32453567937438
9476.00752043724,255,0,61.92570869990224,68.27956989247312
9486.002690315248,255,0,61.43695014662755,68.76832844574781
9496.001787185667,255,0,59.97067448680351,69.25708699902249
9506.00700712204,0,0,59.97067448680351,69.74584555229717
9516.008431434631,0,0,59.481915933528825,69.74584555229717
9526.005542993546,0,0,58.50439882697947,70.23460410557185
9536.01269888878,0,0,58.01564027370478,69.74584555229717
9546.000853776932,0,0,58.50439882697947,69.25708699902249
9556.001254796982,0,0,57.5268817204301,67.79081133919844
9566.001298666,0,0,57.5268817204301,67.79081133919844
9576.013956069946,0,0,57.03812316715542,66.81329423264906
9586.009430885317,0,0,56.54936461388074,64.85826001955033
9596.012221813202,0,0,56.060606060606055,64.36950146627565
9606.008501291277,255,255,55.08308895405669,63.880742913000965
9616.01484632492,255,255,55.57184750733137,62.41446725317692
9626.013889551165,255,255,55.57184750733137,62.41446725317692
9636.003366708755,255,255,55.08308895405669,60.94819159335288
9646.015206813812,255,255,56.060606060606055,60.94819159335288
9656.010818004608,255,255,57.03812316715542,61.43695014662755
9666.014229774475,255,255,57.5268817204301,61.92570869990224
9676.008969783785,255,255,59.481915933528825,62.41446725317692
9686.01116847992,255,255,59.97067448680351,62.9032258064516
9696.01148223877,255,255,60.4594330400782,62.9032258064516
9706.001209974287,255,0,61.92570869990224,63.880742913000965
9716.005113124847,255,0,62.41446725317692,64.36950146627565
9726.01245546341,255,0,62.9032258064516,64.85826001955033
9736.004364490507,255,0,63.39198435972628,66.32453567937438
9746.00812458992,255,0,62.9032258064516,67.30205278592376
9756.00334072113,255,0,62.9032258064516,68.76832844574781
9766.013583421707,255,0,62.9032258064516,69.25708699902249
9776.00614285469,255,0,62.41446725317692,70.23460410557185
9786.002342939377,255,0,61.43695014662755,70.72336265884654
9796.00443959236,255,0,60.94819159335288,70.72336265884654
9806.00642967224,255,0,60.94819159335288,72.67839687194527
9816.008861780168,255,0,59.97067448680351,72.67839687194527
9826.012087106705,255,0,60.4594330400782,73.65591397849462
9836.016463279724,255,0,59.481915933528825,73.65591397849462
9846.007240533829,255,0,59.481915933528825,75.12218963831867
9856.0124502182,255,0,58.99315738025415,74.633431085044
9867.002306699753,255,0,58.99315738025415,75.61094819159335
9877.004826068878,255,0,58.99315738025415,76.58846529814272
9887.009110450745,255,0,58.01564027370478,75.61094819159335
9897.01376414299,255,0,58.01564027370478,76.58846529814272
9907.002633810043,255,255,58.50439882697947,77.0772238514174
9917.003283500671,255,255,57.5268817204301,76.58846529814272
9927.00766992569,255,255,58.01564027370478,77.0772238514174
9937.000509023666,255,255,58.50439882697947,76.58846529814272
9947.004764080048,255,255,58.99315738025415,76.58846529814272
9957.008430242538,255,255,60.4594330400782,76.58846529814272
9967.006164312364,255,255,61.92570869990224,77.0772238514174
9977.014594078064,255,255,62.9032258064516,76.58846529814272
9987.015216350555,255,255,63.880742913000965,76.58846529814272
9997.002029657364,255,255,64.85826001955033,75.61094819159335
10007.01073527336,0,255,66.32453567937438,76.09970674486803
10017.011461734772,0,255,66.81329423264906,76.09970674486803
10027.015297174454,0,255,67.79081133919844,76.58846529814272
10037.01222896576,0,255,67.79081133919844,77.0772238514174
10047.00857114792,0,255,66.81329423264906,77.0772238514174
10057.003425359726,0,255,66.81329423264906,78.05474095796676
10067.012721776962,0,255,66.32453567937438,78.05474095796676
10077.007758140564,0,255,65.83577712609969,78.05474095796676
10087.021394491196,0,255,65.34701857282501,78.05474095796676
10097.008816242218,0,255,64.85826001955033,78.54349951124145
10107.01373243332,255,255,64.85826001955033,79.5210166177908
10117.015284776688,255,255,64.36950146627565,80.00977517106548
10127.009844779968,255,255,64.36950146627565,79.5210166177908
10137.003279447556,255,255,64.85826001955033,80.00977517106548
10147.012382268906,255,255,65.34701857282501,80.00977517106548
10157.005323648453,255,255,66.81329423264906,79.5210166177908
10167.000811100006,255,255,66.81329423264906,78.54349951124145
10177.002871751783,255,255,67.79081133919844,78.05474095796676
10187.001977205276,255,255,68.76832844574781,78.54349951124145
10197.008001089096,255,255,69.25708699902249,78.54349951124145
10207.007182836533,0,0,70.23460410557185,78.05474095796676
10217.00208759308,0,0,71.21212121212122,78.05474095796676
10227.016152143478,0,0,71.21212121212122,77.0772238514174
10237.01101732254,0,0,71.21212121212122,77.0772238514174
10247.012857437134,0,0,70.23460410557185,76.09970674486803
10257.005542755129,0,0,69.74584555229717,75.12218963831867
10267.01560664177,0,0,68.76832844574781,74.1446725317693
10277.010270118712,0,0,68.27956989247312,73.16715542521995
10287.002086639404,0,0,67.79081133919844,72.18963831867057
10297.008645772934,0,0,66.81329423264906,71.21212121212122
10307.01426744461,0,255,65.83577712609969,70.72336265884654
10317.0013358593,0,255,64.85826001955033,69.74584555229717
10327.008150339128,0,255,64.36950146627565,68.76832844574781
10337.00938987732,0,255,62.9032258064516,68.27956989247312
10347.008831501009,0,255,62.41446725317692,68.27956989247312
10357.00358247757,0,255,62.41446725317692,69.74584555229717
10367.006004810331,0,255,60.94819159335288,69.74584555229717
10377.014223098757,0,255,60.4594330400782,69.74584555229717
10387.00549674034,0,255,59.481915933528825,70.72336265884654
10397.014998674393,0,255,59.481915933528825,70.72336265884654
10407.000968694689,0,255,58.99315738025415,72.18963831867057
10417.01166009903,0,255,58.50439882697947,72.18963831867057
10427.012371301653,0,255,58.01564027370478,73.16715542521995
10437.022258281708,0,255,58.50439882697947,73.65591397849462
10447.014472723007,0,255,58.50439882697947,74.1446725317693
10457.0051715374,0,255,57.5268817204301,74.1446725317693
10467.014843463898,0,255,57.5268817204301,74.633431085044
10477.01607489586,0,255,57.5268817204301,75.61094819159335
10487.002464532852,0,255,57.03812316715542,76.09970674486803
10497.021348714828,0,255,57.03812316715542,76.09970674486803
10507.0151386261,0,0,56.54936461388074,75.61094819159335
10518.006533145905,0,0,56.060606060606055,75.61094819159335
10528.015589237211,0,0,56.54936461388074,76.09970674486803
10538.008364200592,0,0,56.54936461388074,75.61094819159335
10548.011393785477,0,0,56.060606060606055,73.16715542521995
10558.008158445358,0,0,56.060606060606055,72.18963831867057
10568.00563120842,0,0,56.060606060606055,71.7008797653959
10578.001457691193,0,0,55.57184750733137,70.23460410557185
10588.003677606584,0,0,55.08308895405669,68.76832844574781
10598.01364994049,0,0,55.08308895405669,67.79081133919844
10608.003502368929,255,0,54.59433040078201,66.32453567937438
10618.010297060013,255,0,54.10557184750733,64.85826001955033
10628.006228208542,255,0,54.10557184750733,63.39198435972628
10638.013405561447,255,0,55.57184750733137,62.41446725317692
10648.001703500748,255,0,57.03812316715542,61.92570869990224
10658.010078430176,255,0,58.01564027370478,60.94819159335288
10668.012194395063,255,0,58.99315738025415,58.99315738025415
10678.00597167015,255,0,60.94819159335288,58.99315738025415
10688.010091543198,255,0,61.43695014662755,58.01564027370478
10698.008176088331,255,0,62.9032258064516,57.5268817204301
10708.012005329132,255,255,63.880742913000965,57.5268817204301
10718.016579151154,255,255,65.83577712609969,57.5268817204301
10728.006165027618,255,255,66.32453567937438,57.03812316715542
10738.017807483671,255,255,66.81329423264906,57.5268817204301
10748.01600074768,255,255,67.79081133919844,58.01564027370478
10758.015494823456,255,255,67.79081133919844,58.50439882697947
10768.00664806366,255,255,68.27956989247312,59.481915933528825
10778.00189447403,255,255,69.25708699902249,60.4594330400782
10788.00705051422,255,255,69.25708699902249,60.94819159335288
10798.00800204277,255,255,70.23460410557185,62.41446725317692
10808.00617170334,255,0,70.72336265884654,63.880742913000965
10818.009149551392,255,0,70.72336265884654,64.85826001955033
10828.00211405754,255,0,70.23460410557185,64.85826001955033
10838.0127389431,255,0,70.23460410557185,66.81329423264906
10848.01345872879,255,0,69.74584555229717,67.79081133919844
10858.014763593674,255,0,68.76832844574781,68.27956989247312
10868.006775856018,255,0,67.79081133919844,69.74584555229717
10878.019681692123,255,0,67.30205278592376,71.21212121212122
10888.010640859604,255,0,65.83577712609969,71.21212121212122
10898.005058288574,255,0,65.83577712609969,72.67839687194527
10908.015899658203,0,255,65.34701857282501,73.16715542521995
10918.004591703417,0,255,64.36950146627565,74.1446725317693
10928.010232925417,0,255,64.36950146627565,73.65591397849462
10938.016173362732,0,255,65.34701857282501,73.16715542521995
10948.015260219574,0,255,66.32453567937438,72.67839687194527
10958.004241228104,0,255,67.30205278592376,71.7008797653959
10968.006038665771,0,255,68.27956989247312,71.21212121212122
10978.015197515488,0,255,68.76832844574781,70.23460410557185
10988.01379776001,0,255,70.23460410557185,69.25708699902249
10998.00426864624,0,255,70.72336265884654,68.27956989247312
11008.003270626068,255,0,72.18963831867057,67.30205278592376
11018.00744843483,255,0,72.18963831867057,66.81329423264906
11028.001143693924,255,0,72.67839687194527,67.30205278592376
11038.01496553421,255,0,72.18963831867057,66.81329423264906
11048.00534272194,255,0,71.7008797653959,67.79081133919844
11058.002209663391,255,0,71.21212121212122,68.76832844574781
11068.012314081192,255,0,69.74584555229717,69.25708699902249
11078.003113746645,255,0,68.76832844574781,70.23460410557185
11088.008934736252,255,0,68.76832844574781,71.7008797653959
11098.005021095276,255,0,68.27956989247312,72.18963831867057
11108.012667894363,0,255,66.81329423264906,73.16715542521995
11118.004206895828,0,255,66.81329423264906,73.65591397849462
11128.013631343842,0,255,66.32453567937438,73.65591397849462
11138.006416082382,0,255,66.81329423264906,73.16715542521995
11148.014326334,0,255,67.30205278592376,71.7008797653959
11158.008143424988,0,255,68.27956989247312,71.7008797653959
11169.015664100649,0,255,69.74584555229717,71.21212121212122
11179.00798869133,0,255,70.72336265884654,70.23460410557185
11189.003074884416,0,255,71.7008797653959,69.25708699902249
11199.010107278824,0,255,72.67839687194527,68.27956989247312
11209.004059791563,0,255,73.16715542521995,67.79081133919844
11219.013813257216,0,255,74.1446725317693,66.81329423264906
11229.006165027618,0,255,74.1446725317693,65.83577712609969
11239.01445055008,0,255,75.12218963831867,65.34701857282501
11249.015747785568,0,255,75.61094819159335,64.36950146627565
11259.01206278801,0,255,76.09970674486803,64.36950146627565
11269.013189792631,0,255,76.58846529814272,63.880742913000965
11279.010870695114,0,255,77.0772238514174,63.39198435972628
11289.01186132431,0,255,78.05474095796676,63.39198435972628
11299.012095212936,0,255,78.54349951124145,62.9032258064516
11309.007019042969,255,255,78.54349951124145,62.41446725317692
11319.00165605545,255,255,79.03225806451613,61.92570869990224
11329.005486488342,255,255,79.03225806451613,62.9032258064516
11339.011655330658,255,255,79.03225806451613,62.9032258064516
11349.01609301567,255,255,79.03225806451613,63.880742913000965
11359.012133359907,255,255,79.5210166177908,64.85826001955033
11369.015743970873,255,255,79.03225806451613,65.34701857282501
11379.014156341553,255,255,78.54349951124145,66.32453567937438
11389.003908634186,255,255,78.05474095796676,66.32453567937438
11399.010136127472,255,255,78.05474095796676,67.30205278592376
11409.012089729307,0,0,78.05474095796676,68.27956989247312
11419.007626771929,0,0,78.05474095796676,69.25708699902249
11429.007608890532,0,0,77.56598240469208,69.25708699902249
11439.005866765976,0,0,77.0772238514174,69.25708699902249
11449.001077651978,0,0,76.09970674486803,69.25708699902249
11459.00307416916,0,0,74.633431085044,68.76832844574781
11469.0017080307,0,0,73.65591397849462,67.79081133919844
11479.014764785768,0,0,71.7008797653959,66.81329423264906
11489.002967834473,0,0,70.23460410557185,66.32453567937438
11499.023899316788,0,0,69.25708699902249,65.83577712609969
11509.01539349556,0,255,68.76832844574781,64.85826001955033
11519.002409934998,0,255,67.79081133919844,64.85826001955033
11529.01206088066,0,255,65.83577712609969,64.36950146627565
11539.00761270523,0,255,65.34701857282501,64.85826001955033
11549.01400756836,0,255,64.36950146627565,64.85826001955033
11559.014860391617,0,255,63.39198435972628,65.83577712609969
11569.00449848175,0,255,62.41446725317692,66.81329423264906
11579.003062963486,0,255,61.92570869990224,67.79081133919844
11589.002474784853,0,255,60.94819159335288,68.27956989247312
11599.00038433075,0,255,59.97067448680351,69.25708699902249
11609.006495714188,0,255,59.97067448680351,69.25708699902249
11619.005088090897,0,255,59.481915933528825,70.72336265884654
11629.00766324997,0,255,58.50439882697947,70.72336265884654
11639.002230644226,0,255,58.50439882697947,71.21212121212122
11649.0021007061,0,255,58.01564027370478,72.18963831867057
11659.004189252852,0,255,57.5268817204301,72.67839687194527
11669.015126228333,0,255,57.5268817204301,73.16715542521995
11679.012665987017,0,255,57.5268817204301,73.65591397849462
11689.00284743309,0,255,57.03812316715542,74.633431085044
11699.008642196655,0,255,57.5268817204301,75.12218963831867
11709.010927438736,255,255,57.03812316715542,75.61094819159335
11719.016528129578,255,255,57.5268817204301,75.61094819159335
11729.001322746277,255,255,57.5268817204301,75.61094819159335
11739.009287834167,255,255,58.50439882697947,75.61094819159335
11749.02675151825,255,255,58.50439882697947,75.12218963831867
11759.00095152855,255,255,59.97067448680351,74.633431085044
11769.01338648796,255,255,61.43695014662755,74.633431085044
11779.0133767128,255,255,61.92570869990224,75.12218963831867
11789.010614156725,255,255,62.9032258064516,75.12218963831867
11799.002136707306,255,255,64.36950146627565,74.633431085044
11810.006442308426,255,255,64.85826001955033,74.633431085044
11820.012423038484,255,255,66.32453567937438,74.633431085044
11830.010867595673,255,255,67.79081133919844,75.12218963831867
11840.004603147509,255,255,68.76832844574781,75.12218963831867
11850.016788244247,255,255,69.74584555229717,75.12218963831867
11860.005127429962,255,255,69.74584555229717,74.633431085044
11870.014857769012,255,255,70.72336265884654,75.12218963831867
11880.001543998718,255,255,71.21212121212122,75.12218963831867
11890.003299474716,255,255,72.18963831867057,75.12218963831867
11900.004029989244,0,0,73.16715542521995,76.09970674486803
11910.016114473345,0,0,73.16715542521995,76.09970674486803
11920.00587105751,0,0,73.65591397849462,76.09970674486803
11930.002084732056,0,0,73.65591397849462,75.61094819159335
11940.013652324677,0,0,73.65591397849462,75.12218963831867
11950.007020950316,0,0,73.16715542521995,75.12218963831867
11960.009365320206,0,0,71.21212121212122,72.67839687194527
11970.010246753693,0,0,70.72336265884654,72.18963831867057
11980.0200817585,0,0,69.25708699902249,71.21212121212122
11990.002648115158,0,0,68.27956989247312,70.23460410557185
12000.006819963455,0,255,67.30205278592376,69.25708699902249
12010.003655672072,0,255,66.81329423264906,67.79081133919844
12020.00977253914,0,255,65.83577712609969,66.81329423264906
12030.000811576843,0,255,65.83577712609969,66.32453567937438
12040.013600826263,0,255,65.83577712609969,64.85826001955033
12050.003204107285,0,255,67.30205278592376,64.85826001955033
12060.014415740969,0,255,67.30205278592376,63.880742913000965
12070.012912750244,0,255,67.79081133919844,62.41446725317692
12080.01207447052,0,255,69.25708699902249,62.41446725317692
12090.008161067964,0,255,70.23460410557185,61.92570869990224
12100.008902549744,255,0,70.23460410557185,60.4594330400782
12110.00308918953,255,0,71.21212121212122,60.4594330400782
12120.007244586945,255,0,71.7008797653959,60.4594330400782
12130.001326560974,255,0,71.7008797653959,60.94819159335288
12140.020605564116,255,0,71.7008797653959,62.41446725317692
12150.009566307068,255,0,70.72336265884654,62.9032258064516
12160.010844707487,255,0,69.74584555229717,64.36950146627565
12170.008886098862,255,0,69.25708699902249,65.34701857282501
12180.003592014313,255,0,68.27956989247312,66.81329423264906
12190.009684801102,255,0,66.81329423264906,67.79081133919844
12200.01254439354,0,255,66.32453567937438,68.76832844574781
12210.013510465622,0,255,65.83577712609969,69.74584555229717
12220.002839565275,0,255,64.85826001955033,70.23460410557185
12230.007932901382,0,255,65.34701857282501,70.23460410557185
12240.013441324234,0,255,65.83577712609969,70.23460410557185
12250.004049062729,0,255,66.81329423264906,69.25708699902249
12260.007717132568,0,255,67.79081133919844,69.25708699902249
12270.009989738464,0,255,68.27956989247312,68.27956989247312
12280.01411795616,0,255,69.25708699902249,67.79081133919844
12290.003585338593,0,255,71.21212121212122,67.30205278592376
12300.001871585846,255,0,72.18963831867057,66.81329423264906
12310.002394199371,255,0,73.16715542521995,66.32453567937438
12320.017774105072,255,0,72.67839687194527,65.34701857282501
12330.002687215803,255,0,72.67839687194527,65.34701857282501
12340.013516426086,255,0,72.67839687194527,65.83577712609969
12350.0070002079,255,0,71.7008797653959,66.81329423264906
12360.01575613022,255,0,71.7008797653959,67.79081133919844
12370.00472521782,255,0,71.21212121212122,68.76832844574781
12380.001953125,255,0,69.74584555229717,70.23460410557185
12390.010766983032,255,0,68.76832844574781,70.72336265884654
12400.002272605896,255,0,67.30205278592376,71.7008797653959
12410.010538101196,255,0,66.81329423264906,72.18963831867057
12420.002376317978,255,0,66.32453567937438,73.65591397849462
12430.00668644905,255,0,65.83577712609969,74.1446725317693
12440.019988298416,255,0,63.880742913000965,74.1446725317693
12450.007824420927,255,0,63.880742913000965,75.12218963831867
12461.016051769257,255,0,62.9032258064516,75.61094819159335
12471.01126408577,255,0,62.9032258064516,76.09970674486803
12481.002506494522,255,0,62.41446725317692,76.58846529814272
12491.009597063065,255,0,61.92570869990224,77.0772238514174
12501.013065338137,0,0,61.92570869990224,77.0772238514174
12511.00924539566,0,0,60.94819159335288,78.05474095796676
12521.007338762283,0,0,61.43695014662755,77.56598240469208
12531.016106367111,0,0,60.4594330400782,77.56598240469208
12541.012561798096,0,0,59.97067448680351,76.58846529814272
12551.014546394348,0,0,59.481915933528825,75.12218963831867
12561.00224328041,0,0,58.99315738025415,74.633431085044
12571.002878189089,0,0,58.50439882697947,72.67839687194527
12581.004099369047,0,0,58.01564027370478,70.72336265884654
12591.019365787506,0,0,57.5268817204301,69.74584555229717
12601.01288485527,255,255,57.5268817204301,68.27956989247312
12611.0118496418,255,255,57.03812316715542,66.81329423264906
12621.011642456057,255,255,56.54936461388074,66.32453567937438
12631.007082223892,255,255,57.03812316715542,66.32453567937438
12641.003535270693,255,255,57.5268817204301,65.83577712609969
12651.004325151443,255,255,58.50439882697947,65.34701857282501
12661.01195192337,255,255,59.481915933528825,65.34701857282501
12671.004733800888,255,255,59.97067448680351,65.34701857282501
12681.016652822496,255,255,60.94819159335288,66.32453567937438
12691.001930713654,255,255,60.94819159335288,65.83577712609969
12701.008061647415,0,255,62.41446725317692,65.83577712609969
12711.008276700974,0,255,62.9032258064516,66.81329423264906
12721.01385998726,0,255,64.36950146627565,66.81329423264906
12731.008099794388,0,255,65.34701857282501,66.32453567937438
12741.008616447449,0,255,66.32453567937438,66.32453567937438
12751.00146484375,0,255,67.79081133919844,66.32453567937438
12761.010279417038,0,255,68.76832844574781,65.34701857282501
12771.00382065773,0,255,69.74584555229717,64.85826001955033
12781.020032644272,0,255,71.21212121212122,64.36950146627565
12791.001343250276,0,255,72.67839687194527,64.36950146627565
12801.004573345184,255,255,72.67839687194527,63.880742913000965
12811.008049488068,255,255,74.1446725317693,63.880742913000965
12821.012225151062,255,255,74.633431085044,63.39198435972628
12831.004293680193,255,255,75.12218963831867,63.39198435972628
12841.006370782852,255,255,75.12218963831867,63.39198435972628
12851.01592540741,255,255,75.12218963831867,63.880742913000965
12861.000837802889,255,255,75.12218963831867,64.85826001955033
12871.014137983322,255,255,75.61094819159335,65.34701857282501
12881.007988452911,255,255,75.61094819159335,66.32453567937438
12891.009958028792,255,255,76.58846529814272,67.79081133919844
12901.00894331932,255,255,75.61094819159335,67.79081133919844
12911.004748106005,255,255,76.09970674486803,68.76832844574781
12921.00248169899,255,255,76.09970674486803,68.76832844574781
12931.014603853226,255,255,76.58846529814272,69.74584555229717
12941.01245379448,255,255,77.0772238514174,71.21212121212122
12951.0055270195,255,255,77.0772238514174,71.21212121212122
12961.004167318344,255,255,77.0772238514174,72.18963831867057
12971.002825737,255,255,77.0772238514174,72.18963831867057
12981.010697126389,255,255,77.0772238514174,72.67839687194527
12991.000470638275,255,255,77.56598240469208,73.65591397849462
13001.00295639038,0,0,78.05474095796676,74.633431085044
13011.010580301285,0,0,78.54349951124145,74.633431085044
13021.004066944122,0,0,78.54349951124145,74.633431085044
13031.009813785551,0,0,77.56598240469208,74.633431085044
13041.01260137558,0,0,77.0772238514174,74.1446725317693
13051.005095720291,0,0,76.09970674486803,73.65591397849462
13061.01621246338,0,0,75.12218963831867,72.67839687194527
13071.010062456133,0,0,73.65591397849462,71.7008797653959
13081.005810976028,0,0,73.16715542521995,71.21212121212122
13091.020070314407,0,0,71.7008797653959,70.23460410557185
13101.009491205215,0,255,69.74584555229717,69.25708699902249
13112.006796360016,0,255,68.76832844574781,67.79081133919844
13122.012226819992,0,255,68.27956989247312,67.30205278592376
13132.018433570862,0,255,68.27956989247312,66.32453567937438
13142.001840114594,0,255,67.79081133919844,65.34701857282501
13152.009572982788,0,255,68.27956989247312,64.36950146627565
13162.00113248825,0,255,69.25708699902249,64.36950146627565
13172.01546216011,0,255,70.23460410557185,63.39198435972628
13182.01458311081,0,255,70.23460410557185,62.41446725317692
13192.01671385765,0,255,71.21212121212122,60.94819159335288
13202.00910806656,255,0,72.67839687194527,60.94819159335288
13212.011142969131,255,0,73.16715542521995,61.43695014662755
13222.01722073555,255,0,72.67839687194527,60.94819159335288
13232.006799459456,255,0,73.16715542521995,61.43695014662755
13242.010368347168,255,0,72.18963831867057,61.92570869990224
13252.01391196251,255,0,72.18963831867057,63.880742913000965
13262.008170127869,255,0,70.23460410557185,64.36950146627565
13272.004560947418,255,0,69.74584555229717,65.34701857282501
13282.01729798317,255,0,68.76832844574781,67.30205278592376
13292.00483250618,255,0,67.79081133919844,67.79081133919844
13302.014262914658,255,0,66.81329423264906,69.74584555229717
13312.016931533812,255,0,65.83577712609969,69.25708699902249
13322.00416779518,255,0,65.34701857282501,70.72336265884654
13332.007592916489,255,0,64.85826001955033,72.18963831867057
13342.01681804657,255,0,64.36950146627565,72.67839687194527
13352.01095342636,255,0,62.9032258064516,72.67839687194527
13362.013627529144,255,0,62.9032258064516,74.633431085044
13372.001394033432,255,0,62.9032258064516,75.12218963831867
13382.017298460009,255,0,61.43695014662755,75.12218963831867
13392.01528096199,255,0,61.92570869990224,76.09970674486803
13402.019864320757,255,255,60.94819159335288,76.09970674486803
13412.010270118712,255,255,60.4594330400782,77.0772238514174
13422.013625383375,255,255,59.97067448680351,77.0772238514174
13432.018454551697,255,255,60.4594330400782,77.0772238514174
13442.00109744072,255,255,61.43695014662755,77.0772238514174
13452.006174325945,255,255,62.9032258064516,77.0772238514174
13462.001276493073,255,255,63.39198435972628,76.58846529814272
13472.003239393234,255,255,64.85826001955033,76.58846529814272
13482.003018379211,255,255,64.85826001955033,76.58846529814272
13492.001022577286,255,255,66.81329423264906,76.58846529814272
13502.028459787369,255,0,67.79081133919844,76.58846529814272
13512.019907474518,255,0,67.79081133919844,76.58846529814272
13522.016942501068,255,0,68.76832844574781,76.09970674486803
13532.006880998611,255,0,70.23460410557185,76.09970674486803
13542.001021385193,255,0,71.7008797653959,75.12218963831867
13552.01741886139,255,0,72.18963831867057,73.65591397849462
13562.017565488815,255,0,74.1446725317693,73.65591397849462
13572.013746976852,255,0,74.1446725317693,72.67839687194527
13582.01672577858,255,0,75.12218963831867,71.7008797653959
13592.00821685791,255,0,75.61094819159335,70.72336265884654
13602.007951498032,0,255,77.56598240469208,70.72336265884654
13612.001044273376,0,255,77.56598240469208,69.74584555229717
13622.013644456863,0,255,78.54349951124145,69.74584555229717
13632.020302295685,0,255,77.56598240469208,69.74584555229717
13642.007521629332,0,255,77.0772238514174,69.74584555229717
13652.000374794006,0,255,76.09970674486803,71.21212121212122
13662.008656740189,0,255,75.12218963831867,72.18963831867057
13672.01742362976,0,255,73.65591397849462,72.18963831867057
13682.005991458893,0,255,72.67839687194527,73.16715542521995
13692.009516239166,0,255,72.18963831867057,74.633431085044
13702.017011880876,255,0,71.7008797653959,75.12218963831867
13712.004601240158,255,0,69.74584555229717,75.12218963831867
13722.002369880676,255,0,69.74584555229717,76.09970674486803
13732.016861438751,255,0,68.76832844574781,75.61094819159335
13742.02086520195,255,0,69.74584555229717,74.633431085044
13752.018610239027,255,0,71.21212121212122,75.12218963831867
13763.010521173475,255,0,71.7008797653959,73.16715542521995
13773.017248392103,255,0,72.67839687194527,72.18963831867057
13783.015588998796,255,0,74.1446725317693,72.18963831867057
13793.003868341446,255,0,75.12218963831867,71.7008797653959
13803.018544912338,0,255,75.61094819159335,70.23460410557185
13813.010267972946,0,255,76.58846529814272,70.23460410557185
13823.013360261915,0,255,76.09970674486803,69.25708699902249
13833.019741535189,0,255,76.58846529814272,69.74584555229717
13843.01455950737,0,255,76.09970674486803,70.23460410557185
13853.005813837051,0,255,75.12218963831867,71.21212121212122
13863.008330821993,0,255,74.633431085044,72.18963831867057
13873.006637096403,0,255,73.65591397849462,73.16715542521995
13883.002468824388,0,255,72.67839687194527,73.16715542521995
13893.008532524109,0,255,70.72336265884654,73.65591397849462
13903.01080942154,255,0,70.72336265884654,75.12218963831867
13913.00614476204,255,0,68.76832844574781,75.12218963831867
13923.004049539566,255,0,68.76832844574781,75.61094819159335
13933.015835285189,255,0,69.25708699902249,75.61094819159335
13943.013283252716,255,0,69.25708699902249,74.633431085044
13953.01267361641,255,0,69.74584555229717,74.1446725317693
13963.001383781431,255,0,71.21212121212122,73.16715542521995
13973.00413608551,255,0,72.18963831867057,72.67839687194527
13983.013205051422,255,0,73.65591397849462,72.18963831867057
13993.023369312286,255,0,73.65591397849462,70.72336265884654
14003.017184972765,255,0,74.1446725317693,69.74584555229717
14013.001084566116,255,0,75.12218963831867,69.25708699902249
14023.010754823685,255,0,76.09970674486803,68.27956989247312
14033.0025203228,255,0,77.0772238514174,67.79081133919844
14043.001506328585,255,0,78.05474095796676,67.30205278592376
14053.00281715393,255,0,78.54349951124145,67.30205278592376
14063.001103639604,255,0,78.54349951124145,65.83577712609969
14073.00237083435,255,0,79.5210166177908,65.34701857282501
14083.003130674362,255,0,80.00977517106548,65.34701857282501
14093.004370689392,255,0,80.00977517106548,64.85826001955033
14103.005888462068,0,0,80.00977517106548,64.36950146627565
14113.007595062256,0,0,80.49853372434018,63.39198435972628
14123.004792928696,0,0,80.49853372434018,62.9032258064516
14133.01249241829,0,0,80.49853372434018,62.9032258064516
14143.00292611122,0,0,78.54349951124145,63.39198435972628
14153.012751579285,0,0,77.0772238514174,62.41446725317692
14163.009977579117,0,0,75.61094819159335,61.92570869990224
14173.0169172287,0,0,74.1446725317693,61.43695014662755
14183.020454645157,0,0,73.16715542521995,61.43695014662755
14193.007145166395,0,0,72.18963831867057,60.94819159335288
14203.005559206007,0,0,69.74584555229717,59.97067448680351
14213.016155958176,0,0,68.27956989247312,58.99315738025415
14223.01499080658,0,0,67.79081133919844,59.481915933528825
14233.005595445631,0,0,65.83577712609969,58.01564027370478
14243.00746035576,0,0,64.85826001955033,58.01564027370478
14253.012552499771,0,0,62.9032258064516,57.03812316715542
14263.00071978569,0,0,61.92570869990224,56.54936461388074
14273.014520406725,0,0,61.43695014662755,56.54936461388074
14283.006684541702,0,0,60.4594330400782,55.57184750733137
14293.005907535551,0,0,59.481915933528825,55.08308895405669
14303.00587773323,0,0,58.50439882697947,54.10557184750733
14313.00761437416,0,0,57.03812316715542,53.12805474095797
14323.015586137772,0,0,56.060606060606055,53.12805474095797
14333.012926340103,0,0,55.57184750733137,52.639296187683286
14343.012054681778,0,0,55.08308895405669,52.1505376344086
14353.006679058077,0,0,53.61681329423264,51.66177908113392
14363.015718698502,0,0,53.61681329423264,51.17302052785924
14373.01615357399,0,0,52.1505376344086,50.19550342130987
14383.009697198868,0,0,52.1505376344086,50.19550342130987
14393.010744571686,0,0,51.66177908113392,49.21798631476051
14403.00903725624,255,255,50.19550342130987,48.72922776148583
14413.006324529648,255,255,49.70674486803519,48.240469208211145
14424.010852575302,255,255,50.19550342130987,48.240469208211145
14434.005018234251,255,255,49.70674486803519,48.240469208211145
14444.001133918762,255,255,50.19550342130987,49.21798631476051
14454.010135173798,255,255,51.66177908113392,50.19550342130987
14464.021396636965,255,255,52.1505376344086,50.19550342130987
14474.017672538756,255,255,53.12805474095797,51.17302052785924
14484.007407188416,255,255,54.10557184750733,52.1505376344086
14494.009240150452,255,255,55.57184750733137,53.61681329423264
14504.015183925629,255,0,56.060606060606055,53.61681329423264
14514.00402355194,255,0,58.01564027370478,55.08308895405669
14524.001426935196,255,0,58.50439882697947,56.060606060606055
14534.016360998154,255,0,59.97067448680351,56.54936461388074
14544.009104013445,255,0,60.4594330400782,56.060606060606055
14554.008197069168,255,0,62.41446725317692,56.060606060606055
14564.011157512665,255,0,63.880742913000965,56.54936461388074
14574.01620221138,255,0,64.36950146627565,55.57184750733137
14584.008668899536,255,0,66.32453567937438,56.060606060606055
14594.014914274216,255,0,66.81329423264906,55.57184750733137
14604.006560325624,0,255,67.30205278592376,55.08308895405669
14614.009240627289,0,255,68.27956989247312,55.57184750733137
14624.014844417572,0,255,69.74584555229717,56.54936461388074
14634.001465559006,0,255,68.76832844574781,56.54936461388074
14644.00560450554,0,255,68.76832844574781,58.50439882697947
14654.011695623398,0,255,67.30205278592376,59.481915933528825
14664.003780126572,0,255,66.32453567937438,59.97067448680351
14674.016561031342,0,255,65.83577712609969,60.94819159335288
14684.009705543518,0,255,64.36950146627565,62.41446725317692
14694.00796365738,0,255,63.39198435972628,63.880742913000965
14704.012508392334,0,255,62.9032258064516,64.85826001955033
14714.008304595947,0,255,61.92570869990224,66.81329423264906
14724.00785279274,0,255,61.92570869990224,67.30205278592376
14734.011479377748,0,255,60.4594330400782,68.27956989247312
14744.014752388,0,255,60.94819159335288,69.25708699902249
14754.001159906387,0,255,59.97067448680351,69.74584555229717
14764.001366853714,0,255,58.99315738025415,70.72336265884654
14774.012019634249,0,255,58.99315738025415,71.7008797653959
14784.011647462845,0,255,58.50439882697947,72.18963831867057
14794.010122299194,0,255,58.50439882697947,73.16715542521995
14804.002777814863,255,255,58.01564027370478,73.16715542521995
14814.00535941124,255,255,58.01564027370478,73.65591397849462
14824.003161907196,255,255,58.01564027370478,74.633431085044
14834.0229845047,255,255,58.50439882697947,73.65591397849462
14844.01990365982,255,255,59.481915933528825,74.1446725317693
14854.007615327837,255,255,59.97067448680351,73.65591397849462
14864.019967794418,255,255,60.4594330400782,73.65591397849462
14874.009272813795,255,255,61.92570869990224,73.16715542521995
14884.017587661743,255,255,62.9032258064516,73.65591397849462
14894.027382612228,255,255,63.880742913000965,73.65591397849462
14904.004294157028,255,255,65.34701857282501,74.1446725317693
14914.013347625732,255,255,66.32453567937438,74.1446725317693
14924.010531902311,255,255,66.81329423264906,73.65591397849462
14934.01342701912,255,255,67.30205278592376,74.1446725317693
14944.01093173027,255,255,68.76832844574781,74.1446725317693
14954.013085842133,255,255,69.74584555229717,74.633431085044
14964.007627248764,255,255,70.23460410557185,74.633431085044
14974.00860619545,255,255,70.72336265884654,74.1446725317693
14984.015085220335,255,255,71.7008797653959,75.12218963831867
14994.003647089005,255,255,71.7008797653959,74.633431085044
15004.002922058104,255,255,72.67839687194527,74.633431085044
15014.02411532402,255,255,73.16715542521995,75.12218963831867
15024.015365839005,255,255,73.65591397849462,75.12218963831867
15034.014959335327,255,255,74.1446725317693,75.61094819159335
15044.006051063538,255,255,74.633431085044,76.09970674486803
15054.00910615921,255,255,75.61094819159335,76.58846529814272
15064.008727788923,255,255,75.12218963831867,76.09970674486803
15075.010252714155,255,255,75.61094819159335,76.58846529814272
15085.009111166,255,255,75.61094819159335,76.58846529814272
15095.012858629229,255,255,76.58846529814272,77.56598240469208
15105.013506650925,255,255,76.58846529814272,77.0772238514174
15115.010429143906,255,255,76.58846529814272,77.0772238514174
15125.014565706251,255,255,77.0772238514174,78.05474095796676
15135.000734090803,255,255,77.0772238514174,77.0772238514174
15145.010160684586,255,255,78.05474095796676,78.54349951124145
15155.006644964218,255,255,78.54349951124145,78.54349951124145
15165.00405550003,255,255,78.05474095796676,77.56598240469208
15175.01571059227,255,255,78.05474095796676,78.05474095796676
15185.008637428284,255,255,79.03225806451613,78.54349951124145
15195.008672475817,255,255,79.03225806451613,79.03225806451613
15205.00502729416,255,255,78.54349951124145,79.03225806451613
15215.004906654358,255,255,80.00977517106548,79.03225806451613
15225.009695768356,255,255,79.5210166177908,79.03225806451613
15235.00911617279,255,255,80.00977517106548,80.00977517106548
15245.002302885056,255,255,79.5210166177908,79.5210166177908
15255.00380897522,255,255,80.49853372434018,79.5210166177908
15265.00480222702,255,255,80.00977517106548,79.5210166177908
15275.012232542038,255,255,80.49853372434018,80.00977517106548
15285.012491226196,255,255,80.98729227761486,80.49853372434018
15295.013459682465,255,255,80.49853372434018,80.00977517106548
15305.000661849976,255,255,80.98729227761486,80.98729227761486
15315.014558792114,255,255,81.47605083088953,80.98729227761486
15325.01959824562,255,255,81.47605083088953,80.98729227761486
15335.004578351974,255,255,81.47605083088953,80.98729227761486
15345.01850104332,255,255,81.47605083088953,80.49853372434018
15355.021721601486,255,255,82.4535679374389,81.47605083088953
15365.003843307495,255,255,82.4535679374389,80.98729227761486
15375.004111766815,255,255,82.4535679374389,81.47605083088953
15385.010575532911,255,255,81.96480938416421,80.98729227761486
15395.00543308258,255,255,81.96480938416421,81.47605083088953
15405.00683259964,0,0,82.94232649071358,82.4535679374389
15415.012692213058,0,0,81.47605083088953,80.98729227761486
15425.010109424593,0,0,82.4535679374389,81.96480938416421
15435.011462926865,0,0,80.98729227761486,80.98729227761486
15445.014555215836,0,0,80.00977517106548,79.5210166177908
15455.00322341919,0,0,79.5210166177908,79.03225806451613
15465.0191757679,0,0,78.05474095796676,78.05474095796676
15475.01033782959,0,0,76.58846529814272,76.09970674486803
15485.014570474625,0,0,75.12218963831867,75.61094819159335
15495.019498348236,0,0,74.633431085044,75.61094819159335
15505.022496938704,0,255,72.67839687194527,73.65591397849462
15515.011548519136,0,255,72.18963831867057,72.67839687194527
15525.019387245178,0,255,71.21212121212122,71.21212121212122
15535.004207134249,0,255,71.21212121212122,70.23460410557185
15545.016736984251,0,255,71.21212121212122,68.76832844574781
15555.002162456512,0,255,71.7008797653959,68.27956989247312
15565.004132509232,0,255,73.16715542521995,67.79081133919844
15575.001779794691,0,255,72.67839687194527,66.32453567937438
15585.00483083725,0,255,73.65591397849462,65.83577712609969
15595.010021209717,0,255,74.1446725317693,64.85826001955033
15605.010365962982,255,0,75.12218963831867,64.36950146627565
15615.008167743685,255,0,75.61094819159335,64.36950146627565
15625.012812137604,255,0,76.09970674486803,64.36950146627565
15635.013037919998,255,0,76.09970674486803,65.83577712609969
15645.010144472122,255,0,75.12218963831867,66.32453567937438
15655.015475273132,255,0,74.1446725317693,67.79081133919844
15665.016634225844,255,0,72.67839687194527,68.27956989247312
15675.003121614456,255,0,72.18963831867057,68.76832844574781
15685.018580436708,255,0,70.72336265884654,70.23460410557185
15695.014935970306,255,0,69.74584555229717,70.72336265884654
15705.004958868029,0,255,68.76832844574781,72.18963831867057
15716.01505613327,0,255,68.76832844574781,73.16715542521995
15726.00155735016,0,255,67.30205278592376,73.16715542521995
15736.003031015396,0,255,67.79081133919844,72.67839687194527
15746.008128643036,0,255,68.27956989247312,72.18963831867057
15756.010936498642,0,255,68.76832844574781,71.21212121212122
15766.00597333908,0,255,70.23460410557185,71.21212121212122
15776.016287326813,0,255,70.72336265884654,70.23460410557185
15786.022719621658,0,255,72.18963831867057,69.74584555229717
15796.021421670914,0,255,73.65591397849462,69.25708699902249
15806.013733148577,255,0,74.1446725317693,68.27956989247312
15816.00567126274,255,0,74.633431085044,68.27956989247312
15826.01442193985,255,0,75.61094819159335,67.79081133919844
15836.011490106584,255,0,74.633431085044,67.30205278592376
15846.018397569656,255,0,74.1446725317693,68.76832844574781
15856.00037074089,255,0,73.16715542521995,69.25708699902249
15866.006652832031,255,0,72.67839687194527,70.23460410557185
15876.002561807632,255,0,72.18963831867057,71.7008797653959
15886.013686418532,255,0,71.21212121212122,72.67839687194527
15896.01886320114,255,0,70.23460410557185,73.16715542521995
15906.011670351028,0,255,69.25708699902249,74.1446725317693
15916.005125761032,0,255,67.79081133919844,74.1446725317693
15926.006618499756,0,255,67.79081133919844,74.633431085044
15936.008692264557,0,255,67.79081133919844,74.633431085044
15946.002185583116,0,255,69.25708699902249,73.65591397849462
15956.004559993744,0,255,70.23460410557185,73.16715542521995
15966.00665473938,0,255,70.72336265884654,72.67839687194527
15976.012701749802,0,255,71.7008797653959,71.7008797653959
15986.001947402954,0,255,72.18963831867057,70.23460410557185
15996.021178245544,0,255,73.16715542521995,69.25708699902249
